Step,Context,OpponentMove,MyMove,Reward,WinRate
1,Scissors,Scissors,Paper,-0.5,0.000
2,Rock,Rock,Paper,1.0,0.500
3,Paper,Paper,Rock,-0.5,0.333
4,Scissors,Scissors,Paper,-0.5,0.250
5,Paper,Paper,Paper,0.0,0.200
6,Paper,Paper,Rock,-0.5,0.167
7,Rock,Rock,Paper,1.0,0.286
8,Scissors,Scissors,Paper,-0.5,0.250
9,Scissors,Scissors,Paper,-0.5,0.222
10,Rock,Rock,Rock,0.0,0.200
11,Paper,Paper,Paper,0.0,0.182
12,Scissors,Scissors,Rock,1.0,0.250
13,Rock,Rock,Rock,0.0,0.231
14,Paper,Paper,Paper,0.0,0.214
15,Paper,Paper,Rock,-0.5,0.200
16,Paper,Paper,Rock,-0.5,0.188
17,Paper,Paper,Rock,-0.5,0.176
18,Rock,Rock,Rock,0.0,0.167
19,Rock,Rock,Paper,1.0,0.211
20,Paper,Paper,Rock,-0.5,0.200
21,Rock,Rock,Rock,0.0,0.190
22,Scissors,Scissors,Paper,-0.5,0.182
23,Scissors,Scissors,Paper,-0.5,0.174
24,Rock,Rock,Paper,1.0,0.208
25,Rock,Rock,Paper,1.0,0.240
26,Rock,Rock,Paper,1.0,0.269
27,Rock,Rock,Paper,1.0,0.296
28,Scissors,Scissors,Paper,-0.5,0.286
29,Scissors,Scissors,Paper,-0.5,0.276
30,Rock,Rock,Paper,1.0,0.300
31,Rock,Rock,Paper,1.0,0.323
32,Paper,Paper,Rock,-0.5,0.312
33,Rock,Rock,Rock,0.0,0.303
34,Rock,Rock,Paper,1.0,0.324
35,Paper,Paper,Paper,0.0,0.314
36,Rock,Rock,Rock,0.0,0.306
37,Scissors,Scissors,Paper,-0.5,0.297
38,Rock,Rock,Paper,1.0,0.316
39,Scissors,Scissors,Paper,-0.5,0.308
40,Paper,Paper,Paper,0.0,0.300
41,Rock,Rock,Rock,0.0,0.293
42,Paper,Paper,Paper,0.0,0.286
43,Scissors,Scissors,Rock,1.0,0.302
44,Scissors,Scissors,Rock,1.0,0.318
45,Rock,Rock,Paper,1.0,0.333
46,Paper,Paper,Paper,0.0,0.326
47,Rock,Rock,Rock,0.0,0.319
48,Rock,Rock,Paper,1.0,0.333
49,Scissors,Scissors,Paper,-0.5,0.327
50,Scissors,Scissors,Paper,-0.5,0.320
51,Rock,Rock,Paper,1.0,0.333
52,Scissors,Scissors,Paper,-0.5,0.327
53,Scissors,Scissors,Paper,-0.5,0.321
54,Rock,Rock,Paper,1.0,0.333
55,Rock,Rock,Paper,1.0,0.345
56,Paper,Paper,Paper,0.0,0.339
57,Paper,Paper,Rock,-0.5,0.333
58,Paper,Paper,Rock,-0.5,0.328
59,Rock,Rock,Rock,0.0,0.322
60,Scissors,Scissors,Paper,-0.5,0.317
61,Paper,Paper,Paper,0.0,0.311
62,Rock,Rock,Rock,0.0,0.306
63,Scissors,Scissors,Paper,-0.5,0.302
64,Paper,Paper,Paper,0.0,0.297
65,Paper,Paper,Rock,-0.5,0.292
66,Rock,Rock,Rock,0.0,0.288
67,Paper,Paper,Paper,0.0,0.284
68,Rock,Rock,Rock,0.0,0.279
69,Rock,Rock,Paper,1.0,0.290
70,Paper,Paper,Paper,0.0,0.286
71,Scissors,Scissors,Rock,1.0,0.296
72,Scissors,Scissors,Paper,-0.5,0.292
73,Rock,Rock,Paper,1.0,0.301
74,Paper,Paper,Paper,0.0,0.297
75,Rock,Rock,Rock,0.0,0.293
76,Rock,Rock,Paper,1.0,0.303
77,Scissors,Scissors,Paper,-0.5,0.299
78,Rock,Rock,Paper,1.0,0.308
79,Rock,Rock,Paper,1.0,0.316
80,Scissors,Scissors,Paper,-0.5,0.312
81,Paper,Paper,Paper,0.0,0.309
82,Paper,Paper,Rock,-0.5,0.305
83,Scissors,Scissors,Rock,1.0,0.313
84,Rock,Rock,Paper,1.0,0.321
85,Paper,Paper,Paper,0.0,0.318
86,Rock,Rock,Rock,0.0,0.314
87,Paper,Paper,Rock,-0.5,0.310
88,Scissors,Scissors,Rock,1.0,0.318
89,Scissors,Scissors,Paper,-0.5,0.315
90,Scissors,Scissors,Paper,-0.5,0.311
91,Paper,Paper,Paper,0.0,0.308
92,Scissors,Scissors,Rock,1.0,0.315
93,Paper,Paper,Paper,0.0,0.312
94,Rock,Rock,Rock,0.0,0.309
95,Scissors,Scissors,Paper,-0.5,0.305
96,Rock,Rock,Paper,1.0,0.312
97,Scissors,Scissors,Paper,-0.5,0.309
98,Paper,Paper,Paper,0.0,0.306
99,Scissors,Scissors,Rock,1.0,0.313
100,Scissors,Scissors,Paper,-0.5,0.310
101,Rock,Rock,Paper,1.0,0.317
102,Scissors,Scissors,Paper,-0.5,0.314
103,Rock,Rock,Paper,1.0,0.320
104,Rock,Rock,Rock,0.0,0.317
105,Scissors,Scissors,Rock,1.0,0.324
106,Rock,Rock,Paper,1.0,0.330
107,Scissors,Scissors,Rock,1.0,0.336
108,Scissors,Scissors,Paper,-0.5,0.333
109,Scissors,Scissors,Paper,-0.5,0.330
110,Scissors,Scissors,Paper,-0.5,0.327
111,Scissors,Scissors,Paper,-0.5,0.324
112,Scissors,Scissors,Paper,-0.5,0.321
113,Rock,Rock,Rock,0.0,0.319
114,Paper,Paper,Rock,-0.5,0.316
115,Rock,Rock,Rock,0.0,0.313
116,Rock,Rock,Rock,0.0,0.310
117,Paper,Paper,Rock,-0.5,0.308
118,Scissors,Scissors,Rock,1.0,0.314
119,Paper,Paper,Rock,-0.5,0.311
120,Scissors,Scissors,Rock,1.0,0.317
121,Paper,Paper,Rock,-0.5,0.314
122,Paper,Paper,Rock,-0.5,0.311
123,Rock,Rock,Rock,0.0,0.309
124,Rock,Rock,Rock,0.0,0.306
125,Paper,Paper,Rock,-0.5,0.304
126,Rock,Rock,Rock,0.0,0.302
127,Scissors,Scissors,Rock,1.0,0.307
128,Rock,Rock,Rock,0.0,0.305
129,Scissors,Scissors,Rock,1.0,0.310
130,Scissors,Scissors,Rock,1.0,0.315
131,Rock,Rock,Paper,1.0,0.321
132,Paper,Paper,Rock,-0.5,0.318
133,Paper,Paper,Rock,-0.5,0.316
134,Scissors,Scissors,Rock,1.0,0.321
135,Paper,Paper,Rock,-0.5,0.319
136,Scissors,Scissors,Rock,1.0,0.324
137,Paper,Paper,Paper,0.0,0.321
138,Paper,Paper,Rock,-0.5,0.319
139,Paper,Paper,Rock,-0.5,0.317
140,Rock,Rock,Rock,0.0,0.314
141,Rock,Rock,Rock,0.0,0.312
142,Rock,Rock,Rock,0.0,0.310
143,Paper,Paper,Rock,-0.5,0.308
144,Paper,Paper,Rock,-0.5,0.306
145,Paper,Paper,Rock,-0.5,0.303
146,Rock,Rock,Rock,0.0,0.301
147,Paper,Paper,Paper,0.0,0.299
148,Rock,Rock,Rock,0.0,0.297
149,Scissors,Scissors,Rock,1.0,0.302
150,Rock,Rock,Rock,0.0,0.300
151,Paper,Paper,Rock,-0.5,0.298
152,Paper,Paper,Rock,-0.5,0.296
153,Rock,Rock,Rock,0.0,0.294
154,Paper,Paper,Rock,-0.5,0.292
155,Paper,Paper,Rock,-0.5,0.290
156,Scissors,Scissors,Rock,1.0,0.295
157,Scissors,Scissors,Paper,-0.5,0.293
158,Rock,Rock,Paper,1.0,0.297
159,Rock,Rock,Rock,0.0,0.296
160,Paper,Paper,Rock,-0.5,0.294
161,Scissors,Scissors,Rock,1.0,0.298
162,Scissors,Scissors,Paper,-0.5,0.296
163,Rock,Rock,Paper,1.0,0.301
164,Paper,Paper,Rock,-0.5,0.299
165,Scissors,Scissors,Rock,1.0,0.303
166,Paper,Paper,Paper,0.0,0.301
167,Scissors,Scissors,Rock,1.0,0.305
168,Scissors,Scissors,Paper,-0.5,0.304
169,Rock,Rock,Paper,1.0,0.308
170,Scissors,Scissors,Rock,1.0,0.312
171,Paper,Paper,Paper,0.0,0.310
172,Paper,Paper,Rock,-0.5,0.308
173,Scissors,Scissors,Rock,1.0,0.312
174,Scissors,Scissors,Paper,-0.5,0.310
175,Rock,Rock,Paper,1.0,0.314
176,Rock,Rock,Rock,0.0,0.312
177,Paper,Paper,Rock,-0.5,0.311
178,Scissors,Scissors,Rock,1.0,0.315
179,Rock,Rock,Paper,1.0,0.318
180,Scissors,Scissors,Rock,1.0,0.322
181,Scissors,Scissors,Paper,-0.5,0.320
182,Rock,Rock,Paper,1.0,0.324
183,Scissors,Scissors,Rock,1.0,0.328
184,Rock,Rock,Paper,1.0,0.332
185,Scissors,Scissors,Rock,1.0,0.335
186,Scissors,Scissors,Paper,-0.5,0.333
187,Rock,Rock,Paper,1.0,0.337
188,Rock,Rock,Rock,0.0,0.335
189,Scissors,Scissors,Rock,1.0,0.339
190,Scissors,Scissors,Paper,-0.5,0.337
191,Paper,Paper,Paper,0.0,0.335
192,Scissors,Scissors,Rock,1.0,0.339
193,Paper,Paper,Paper,0.0,0.337
194,Scissors,Scissors,Rock,1.0,0.340
195,Paper,Paper,Paper,0.0,0.338
196,Paper,Paper,Rock,-0.5,0.337
197,Rock,Rock,Rock,0.0,0.335
198,Rock,Rock,Rock,0.0,0.333
199,Paper,Paper,Rock,-0.5,0.332
200,Scissors,Scissors,Rock,1.0,0.335
201,Rock,Rock,Paper,1.0,0.338
202,Scissors,Scissors,Rock,1.0,0.342
203,Paper,Paper,Paper,0.0,0.340
204,Paper,Paper,Rock,-0.5,0.338
205,Rock,Rock,Rock,0.0,0.337
206,Scissors,Scissors,Rock,1.0,0.340
207,Paper,Paper,Paper,0.0,0.338
208,Paper,Paper,Rock,-0.5,0.337
209,Rock,Rock,Rock,0.0,0.335
210,Paper,Paper,Rock,-0.5,0.333
211,Rock,Rock,Rock,0.0,0.332
212,Paper,Paper,Rock,-0.5,0.330
213,Rock,Rock,Rock,0.0,0.329
214,Rock,Rock,Rock,0.0,0.327
215,Rock,Rock,Rock,0.0,0.326
216,Paper,Paper,Rock,-0.5,0.324
217,Paper,Paper,Rock,-0.5,0.323
218,Paper,Paper,Rock,-0.5,0.321
219,Scissors,Scissors,Rock,1.0,0.324
220,Scissors,Scissors,Paper,-0.5,0.323
221,Scissors,Scissors,Paper,-0.5,0.321
222,Rock,Rock,Paper,1.0,0.324
223,Rock,Rock,Rock,0.0,0.323
224,Rock,Rock,Rock,0.0,0.321
225,Paper,Paper,Rock,-0.5,0.320
226,Scissors,Scissors,Rock,1.0,0.323
227,Paper,Paper,Paper,0.0,0.322
228,Scissors,Scissors,Rock,1.0,0.325
229,Paper,Paper,Paper,0.0,0.323
230,Scissors,Scissors,Rock,1.0,0.326
231,Scissors,Scissors,Paper,-0.5,0.325
232,Rock,Rock,Paper,1.0,0.328
233,Rock,Rock,Rock,0.0,0.326
234,Paper,Paper,Rock,-0.5,0.325
235,Scissors,Scissors,Rock,1.0,0.328
236,Rock,Rock,Paper,1.0,0.331
237,Scissors,Scissors,Rock,1.0,0.333
238,Rock,Rock,Paper,1.0,0.336
239,Paper,Paper,Rock,-0.5,0.335
240,Paper,Paper,Rock,-0.5,0.333
241,Paper,Paper,Rock,-0.5,0.332
242,Rock,Rock,Rock,0.0,0.331
243,Paper,Paper,Rock,-0.5,0.329
244,Scissors,Scissors,Rock,1.0,0.332
245,Rock,Rock,Paper,1.0,0.335
246,Rock,Rock,Rock,0.0,0.333
247,Scissors,Scissors,Rock,1.0,0.336
248,Paper,Paper,Paper,0.0,0.335
249,Paper,Paper,Rock,-0.5,0.333
250,Rock,Rock,Rock,0.0,0.332
251,Scissors,Scissors,Rock,1.0,0.335
252,Scissors,Scissors,Paper,-0.5,0.333
253,Paper,Paper,Paper,0.0,0.332
254,Rock,Rock,Rock,0.0,0.331
255,Scissors,Scissors,Rock,1.0,0.333
256,Scissors,Scissors,Paper,-0.5,0.332
257,Paper,Paper,Paper,0.0,0.331
258,Scissors,Scissors,Rock,1.0,0.333
259,Paper,Paper,Paper,0.0,0.332
260,Scissors,Scissors,Rock,1.0,0.335
261,Paper,Paper,Paper,0.0,0.333
262,Rock,Rock,Rock,0.0,0.332
263,Paper,Paper,Rock,-0.5,0.331
264,Scissors,Scissors,Rock,1.0,0.333
265,Scissors,Scissors,Paper,-0.5,0.332
266,Scissors,Scissors,Paper,-0.5,0.331
267,Paper,Paper,Paper,0.0,0.330
268,Paper,Paper,Rock,-0.5,0.328
269,Scissors,Scissors,Rock,1.0,0.331
270,Scissors,Scissors,Paper,-0.5,0.330
271,Scissors,Scissors,Paper,-0.5,0.328
272,Scissors,Scissors,Paper,-0.5,0.327
273,Scissors,Scissors,Paper,-0.5,0.326
274,Paper,Paper,Paper,0.0,0.325
275,Rock,Rock,Rock,0.0,0.324
276,Rock,Rock,Rock,0.0,0.322
277,Scissors,Scissors,Rock,1.0,0.325
278,Scissors,Scissors,Paper,-0.5,0.324
279,Rock,Rock,Paper,1.0,0.326
280,Paper,Paper,Rock,-0.5,0.325
281,Paper,Paper,Rock,-0.5,0.324
282,Paper,Paper,Rock,-0.5,0.323
283,Scissors,Scissors,Rock,1.0,0.325
284,Rock,Rock,Rock,0.0,0.324
285,Rock,Rock,Rock,0.0,0.323
286,Paper,Paper,Rock,-0.5,0.322
287,Scissors,Scissors,Rock,1.0,0.324
288,Rock,Rock,Paper,1.0,0.326
289,Paper,Paper,Rock,-0.5,0.325
290,Paper,Paper,Rock,-0.5,0.324
291,Paper,Paper,Rock,-0.5,0.323
292,Rock,Rock,Rock,0.0,0.322
293,Scissors,Scissors,Rock,1.0,0.324
294,Scissors,Scissors,Paper,-0.5,0.323
295,Paper,Paper,Paper,0.0,0.322
296,Paper,Paper,Rock,-0.5,0.321
297,Paper,Paper,Rock,-0.5,0.320
298,Paper,Paper,Rock,-0.5,0.319
299,Rock,Rock,Rock,0.0,0.318
300,Scissors,Scissors,Rock,1.0,0.320
301,Paper,Paper,Paper,0.0,0.319
302,Rock,Rock,Paper,1.0,0.321
303,Paper,Paper,Rock,-0.5,0.320
304,Scissors,Scissors,Rock,1.0,0.322
305,Rock,Rock,Paper,1.0,0.325
306,Paper,Paper,Rock,-0.5,0.324
307,Scissors,Scissors,Rock,1.0,0.326
308,Rock,Rock,Paper,1.0,0.328
309,Rock,Rock,Rock,0.0,0.327
310,Paper,Paper,Rock,-0.5,0.326
311,Scissors,Scissors,Rock,1.0,0.328
312,Scissors,Scissors,Paper,-0.5,0.327
313,Paper,Paper,Paper,0.0,0.326
314,Rock,Rock,Rock,0.0,0.325
315,Rock,Rock,Rock,0.0,0.324
316,Scissors,Scissors,Rock,1.0,0.326
317,Scissors,Scissors,Paper,-0.5,0.325
318,Rock,Rock,Paper,1.0,0.327
319,Paper,Paper,Rock,-0.5,0.326
320,Rock,Rock,Rock,0.0,0.325
321,Rock,Rock,Rock,0.0,0.324
322,Scissors,Scissors,Rock,1.0,0.326
323,Rock,Rock,Paper,1.0,0.328
324,Paper,Paper,Rock,-0.5,0.327
325,Scissors,Scissors,Rock,1.0,0.329
326,Paper,Paper,Paper,0.0,0.328
327,Scissors,Scissors,Rock,1.0,0.330
328,Paper,Paper,Paper,0.0,0.329
329,Paper,Paper,Rock,-0.5,0.328
330,Paper,Paper,Rock,-0.5,0.327
331,Rock,Rock,Rock,0.0,0.326
332,Paper,Paper,Rock,-0.5,0.325
333,Paper,Paper,Rock,-0.5,0.324
334,Rock,Rock,Rock,0.0,0.323
335,Paper,Paper,Rock,-0.5,0.322
336,Scissors,Scissors,Rock,1.0,0.324
337,Rock,Rock,Paper,1.0,0.326
338,Paper,Paper,Rock,-0.5,0.325
339,Scissors,Scissors,Rock,1.0,0.327
340,Scissors,Scissors,Paper,-0.5,0.326
341,Rock,Rock,Paper,1.0,0.328
342,Scissors,Scissors,Rock,1.0,0.330
343,Paper,Paper,Paper,0.0,0.329
344,Paper,Paper,Rock,-0.5,0.328
345,Scissors,Scissors,Paper,-0.5,0.328
346,Scissors,Scissors,Paper,-0.5,0.327
347,Paper,Paper,Paper,0.0,0.326
348,Rock,Rock,Rock,0.0,0.325
349,Rock,Rock,Rock,0.0,0.324
350,Rock,Rock,Rock,0.0,0.323
351,Rock,Rock,Rock,0.0,0.322
352,Paper,Paper,Rock,-0.5,0.321
353,Scissors,Scissors,Rock,1.0,0.323
354,Scissors,Scissors,Paper,-0.5,0.322
355,Paper,Paper,Rock,-0.5,0.321
356,Scissors,Scissors,Rock,1.0,0.323
357,Rock,Rock,Paper,1.0,0.325
358,Rock,Rock,Rock,0.0,0.324
359,Paper,Paper,Rock,-0.5,0.323
360,Paper,Paper,Rock,-0.5,0.322
361,Paper,Paper,Rock,-0.5,0.321
362,Rock,Rock,Rock,0.0,0.320
363,Scissors,Scissors,Paper,-0.5,0.320
364,Rock,Rock,Paper,1.0,0.321
365,Paper,Paper,Rock,-0.5,0.321
366,Rock,Rock,Rock,0.0,0.320
367,Scissors,Scissors,Rock,1.0,0.322
368,Paper,Paper,Paper,0.0,0.321
369,Paper,Paper,Rock,-0.5,0.320
370,Scissors,Scissors,Rock,1.0,0.322
371,Rock,Rock,Paper,1.0,0.323
372,Paper,Paper,Rock,-0.5,0.323
373,Rock,Rock,Rock,0.0,0.322
374,Paper,Paper,Rock,-0.5,0.321
375,Paper,Paper,Paper,0.0,0.320
376,Rock,Rock,Rock,0.0,0.319
377,Rock,Rock,Rock,0.0,0.318
378,Scissors,Scissors,Rock,1.0,0.320
379,Paper,Paper,Paper,0.0,0.319
380,Paper,Paper,Rock,-0.5,0.318
381,Rock,Rock,Rock,0.0,0.318
382,Rock,Rock,Rock,0.0,0.317
383,Paper,Paper,Rock,-0.5,0.316
384,Scissors,Scissors,Paper,-0.5,0.315
385,Rock,Rock,Paper,1.0,0.317
386,Scissors,Scissors,Rock,1.0,0.319
387,Paper,Paper,Paper,0.0,0.318
388,Rock,Rock,Rock,0.0,0.317
389,Scissors,Scissors,Rock,1.0,0.319
390,Scissors,Scissors,Paper,-0.5,0.318
391,Rock,Rock,Paper,1.0,0.320
392,Scissors,Scissors,Rock,1.0,0.321
393,Paper,Paper,Paper,0.0,0.321
394,Paper,Paper,Rock,-0.5,0.320
395,Rock,Rock,Rock,0.0,0.319
396,Paper,Paper,Rock,-0.5,0.318
397,Scissors,Scissors,Rock,1.0,0.320
398,Rock,Rock,Paper,1.0,0.322
399,Rock,Rock,Rock,0.0,0.321
400,Rock,Rock,Rock,0.0,0.320
401,Rock,Rock,Rock,0.0,0.319
402,Rock,Rock,Rock,0.0,0.318
403,Scissors,Scissors,Paper,-0.5,0.318
404,Rock,Rock,Rock,0.0,0.317
405,Rock,Rock,Rock,0.0,0.316
406,Scissors,Scissors,Rock,1.0,0.318
407,Rock,Rock,Paper,1.0,0.319
408,Rock,Rock,Rock,0.0,0.319
409,Rock,Rock,Rock,0.0,0.318
410,Paper,Paper,Rock,-0.5,0.317
411,Rock,Rock,Paper,1.0,0.319
412,Rock,Rock,Rock,0.0,0.318
413,Scissors,Scissors,Rock,1.0,0.320
414,Scissors,Scissors,Paper,-0.5,0.319
415,Scissors,Scissors,Paper,-0.5,0.318
416,Paper,Paper,Paper,0.0,0.317
417,Scissors,Scissors,Paper,-0.5,0.317
418,Paper,Paper,Paper,0.0,0.316
419,Rock,Rock,Rock,0.0,0.315
420,Rock,Rock,Rock,0.0,0.314
421,Paper,Paper,Rock,-0.5,0.314
422,Rock,Rock,Rock,0.0,0.313
423,Rock,Rock,Rock,0.0,0.312
424,Scissors,Scissors,Rock,1.0,0.314
425,Scissors,Scissors,Paper,-0.5,0.313
426,Paper,Paper,Paper,0.0,0.312
427,Scissors,Scissors,Paper,-0.5,0.311
428,Rock,Rock,Paper,1.0,0.313
429,Rock,Rock,Rock,0.0,0.312
430,Paper,Paper,Rock,-0.5,0.312
431,Scissors,Scissors,Rock,1.0,0.313
432,Rock,Rock,Paper,1.0,0.315
433,Scissors,Scissors,Rock,1.0,0.316
434,Paper,Paper,Paper,0.0,0.316
435,Scissors,Scissors,Rock,1.0,0.317
436,Paper,Paper,Paper,0.0,0.317
437,Paper,Paper,Paper,0.0,0.316
438,Paper,Paper,Paper,0.0,0.315
439,Rock,Rock,Rock,0.0,0.314
440,Scissors,Scissors,Rock,1.0,0.316
441,Scissors,Scissors,Paper,-0.5,0.315
442,Paper,Paper,Paper,0.0,0.314
443,Rock,Rock,Rock,0.0,0.314
444,Rock,Rock,Rock,0.0,0.313
445,Rock,Rock,Rock,0.0,0.312
446,Scissors,Scissors,Rock,1.0,0.314
447,Scissors,Scissors,Paper,-0.5,0.313
448,Scissors,Scissors,Paper,-0.5,0.312
449,Scissors,Scissors,Paper,-0.5,0.312
450,Scissors,Scissors,Paper,-0.5,0.311
451,Scissors,Scissors,Paper,-0.5,0.310
452,Paper,Paper,Paper,0.0,0.310
453,Paper,Paper,Rock,-0.5,0.309
454,Paper,Paper,Rock,-0.5,0.308
455,Scissors,Scissors,Rock,1.0,0.310
456,Paper,Paper,Paper,0.0,0.309
457,Scissors,Scissors,Rock,1.0,0.311
458,Rock,Rock,Paper,1.0,0.312
459,Paper,Paper,Rock,-0.5,0.312
460,Rock,Rock,Rock,0.0,0.311
461,Paper,Paper,Rock,-0.5,0.310
462,Paper,Paper,Rock,-0.5,0.310
463,Scissors,Scissors,Rock,1.0,0.311
464,Paper,Paper,Paper,0.0,0.310
465,Scissors,Scissors,Rock,1.0,0.312
466,Scissors,Scissors,Paper,-0.5,0.311
467,Scissors,Scissors,Paper,-0.5,0.310
468,Rock,Rock,Paper,1.0,0.312
469,Rock,Rock,Rock,0.0,0.311
470,Scissors,Scissors,Rock,1.0,0.313
471,Scissors,Scissors,Paper,-0.5,0.312
472,Scissors,Scissors,Paper,-0.5,0.311
473,Rock,Rock,Paper,1.0,0.313
474,Scissors,Scissors,Rock,1.0,0.314
475,Scissors,Scissors,Paper,-0.5,0.314
476,Scissors,Scissors,Paper,-0.5,0.313
477,Paper,Paper,Paper,0.0,0.312
478,Rock,Rock,Rock,0.0,0.312
479,Rock,Rock,Rock,0.0,0.311
480,Rock,Rock,Rock,0.0,0.310
481,Paper,Paper,Rock,-0.5,0.310
482,Rock,Rock,Rock,0.0,0.309
483,Scissors,Scissors,Rock,1.0,0.311
484,Rock,Rock,Paper,1.0,0.312
485,Rock,Rock,Rock,0.0,0.311
486,Rock,Rock,Rock,0.0,0.311
487,Rock,Rock,Rock,0.0,0.310
488,Rock,Rock,Rock,0.0,0.309
489,Scissors,Scissors,Rock,1.0,0.311
490,Rock,Rock,Paper,1.0,0.312
491,Rock,Rock,Paper,1.0,0.314
492,Rock,Rock,Rock,0.0,0.313
493,Rock,Rock,Paper,1.0,0.314
494,Paper,Paper,Rock,-0.5,0.314
495,Scissors,Scissors,Rock,1.0,0.315
496,Rock,Rock,Paper,1.0,0.317
497,Rock,Rock,Paper,1.0,0.318
498,Paper,Paper,Paper,0.0,0.317
499,Paper,Paper,Rock,-0.5,0.317
500,Rock,Rock,Rock,0.0,0.316
501,Rock,Rock,Paper,1.0,0.317
502,Paper,Paper,Paper,0.0,0.317
503,Paper,Paper,Rock,-0.5,0.316
504,Paper,Paper,Rock,-0.5,0.315
505,Rock,Rock,Rock,0.0,0.315
506,Paper,Paper,Paper,0.0,0.314
507,Scissors,Scissors,Rock,1.0,0.316
508,Rock,Rock,Paper,1.0,0.317
509,Scissors,Scissors,Paper,-0.5,0.316
510,Paper,Paper,Paper,0.0,0.316
511,Paper,Paper,Rock,-0.5,0.315
512,Rock,Rock,Rock,0.0,0.314
513,Scissors,Scissors,Paper,-0.5,0.314
514,Paper,Paper,Paper,0.0,0.313
515,Scissors,Scissors,Rock,1.0,0.315
516,Rock,Rock,Paper,1.0,0.316
517,Rock,Rock,Paper,1.0,0.317
518,Paper,Paper,Paper,0.0,0.317
519,Paper,Paper,Rock,-0.5,0.316
520,Paper,Paper,Rock,-0.5,0.315
521,Paper,Paper,Rock,-0.5,0.315
522,Paper,Paper,Rock,-0.5,0.314
523,Paper,Paper,Rock,-0.5,0.314
524,Paper,Paper,Rock,-0.5,0.313
525,Rock,Rock,Rock,0.0,0.312
526,Rock,Rock,Paper,1.0,0.314
527,Rock,Rock,Paper,1.0,0.315
528,Rock,Rock,Paper,1.0,0.316
529,Paper,Paper,Paper,0.0,0.316
530,Paper,Paper,Rock,-0.5,0.315
531,Scissors,Scissors,Rock,1.0,0.316
532,Paper,Paper,Paper,0.0,0.316
533,Paper,Paper,Rock,-0.5,0.315
534,Scissors,Scissors,Rock,1.0,0.316
535,Paper,Paper,Paper,0.0,0.316
536,Scissors,Scissors,Rock,1.0,0.317
537,Paper,Paper,Paper,0.0,0.317
538,Rock,Rock,Rock,0.0,0.316
539,Paper,Paper,Paper,0.0,0.315
540,Paper,Paper,Rock,-0.5,0.315
541,Scissors,Scissors,Rock,1.0,0.316
542,Scissors,Scissors,Paper,-0.5,0.315
543,Scissors,Scissors,Rock,1.0,0.317
544,Paper,Paper,Paper,0.0,0.316
545,Scissors,Scissors,Rock,1.0,0.317
546,Paper,Paper,Rock,-0.5,0.317
547,Paper,Paper,Rock,-0.5,0.316
548,Scissors,Scissors,Rock,1.0,0.318
549,Paper,Paper,Rock,-0.5,0.317
550,Scissors,Scissors,Paper,-0.5,0.316
551,Rock,Rock,Rock,0.0,0.316
552,Paper,Paper,Paper,0.0,0.315
553,Paper,Paper,Rock,-0.5,0.315
554,Paper,Paper,Rock,-0.5,0.314
555,Paper,Paper,Paper,0.0,0.314
556,Paper,Paper,Rock,-0.5,0.313
557,Rock,Rock,Rock,0.0,0.312
558,Paper,Paper,Paper,0.0,0.312
559,Rock,Rock,Rock,0.0,0.311
560,Rock,Rock,Paper,1.0,0.312
561,Rock,Rock,Paper,1.0,0.314
562,Rock,Rock,Rock,0.0,0.313
563,Rock,Rock,Paper,1.0,0.314
564,Paper,Paper,Paper,0.0,0.314
565,Paper,Paper,Rock,-0.5,0.313
566,Rock,Rock,Rock,0.0,0.313
567,Scissors,Scissors,Paper,-0.5,0.312
568,Paper,Paper,Rock,-0.5,0.312
569,Rock,Rock,Rock,0.0,0.311
570,Rock,Rock,Paper,1.0,0.312
571,Scissors,Scissors,Paper,-0.5,0.312
572,Paper,Paper,Rock,-0.5,0.311
573,Rock,Rock,Rock,0.0,0.311
574,Paper,Paper,Paper,0.0,0.310
575,Rock,Rock,Rock,0.0,0.310
576,Scissors,Scissors,Paper,-0.5,0.309
577,Scissors,Scissors,Rock,1.0,0.310
578,Paper,Paper,Rock,-0.5,0.310
579,Scissors,Scissors,Rock,1.0,0.311
580,Scissors,Scissors,Rock,1.0,0.312
581,Rock,Rock,Rock,0.0,0.312
582,Rock,Rock,Paper,1.0,0.313
583,Paper,Paper,Paper,0.0,0.312
584,Scissors,Scissors,Rock,1.0,0.313
585,Rock,Rock,Rock,0.0,0.313
586,Paper,Paper,Paper,0.0,0.312
587,Scissors,Scissors,Paper,-0.5,0.312
588,Paper,Paper,Rock,-0.5,0.311
589,Scissors,Scissors,Rock,1.0,0.312
590,Scissors,Scissors,Rock,1.0,0.314
591,Paper,Paper,Rock,-0.5,0.313
592,Paper,Paper,Rock,-0.5,0.312
593,Rock,Rock,Rock,0.0,0.312
594,Rock,Rock,Paper,1.0,0.313
595,Paper,Paper,Paper,0.0,0.313
596,Rock,Rock,Rock,0.0,0.312
597,Scissors,Scissors,Paper,-0.5,0.312
598,Scissors,Scissors,Rock,1.0,0.313
599,Rock,Rock,Rock,0.0,0.312
600,Scissors,Scissors,Paper,-0.5,0.312
601,Paper,Paper,Rock,-0.5,0.311
602,Scissors,Scissors,Rock,1.0,0.312
603,Paper,Paper,Rock,-0.5,0.312
604,Rock,Rock,Rock,0.0,0.311
605,Paper,Paper,Paper,0.0,0.311
606,Paper,Paper,Rock,-0.5,0.310
607,Scissors,Scissors,Paper,-0.5,0.310
608,Scissors,Scissors,Rock,1.0,0.311
609,Paper,Paper,Rock,-0.5,0.310
610,Scissors,Scissors,Rock,1.0,0.311
611,Paper,Paper,Rock,-0.5,0.311
612,Scissors,Scissors,Rock,1.0,0.312
613,Paper,Paper,Rock,-0.5,0.312
614,Paper,Paper,Rock,-0.5,0.311
615,Scissors,Scissors,Rock,1.0,0.312
616,Rock,Rock,Paper,1.0,0.313
617,Rock,Rock,Paper,1.0,0.314
618,Scissors,Scissors,Paper,-0.5,0.314
619,Scissors,Scissors,Rock,1.0,0.315
620,Rock,Rock,Paper,1.0,0.316
621,Rock,Rock,Paper,1.0,0.317
622,Scissors,Scissors,Paper,-0.5,0.317
623,Scissors,Scissors,Paper,-0.5,0.316
624,Scissors,Scissors,Paper,-0.5,0.316
625,Paper,Paper,Paper,0.0,0.315
626,Scissors,Scissors,Rock,1.0,0.316
627,Paper,Paper,Paper,0.0,0.316
628,Rock,Rock,Rock,0.0,0.315
629,Scissors,Scissors,Paper,-0.5,0.315
630,Paper,Paper,Paper,0.0,0.314
631,Scissors,Scissors,Rock,1.0,0.315
632,Scissors,Scissors,Paper,-0.5,0.315
633,Scissors,Scissors,Paper,-0.5,0.314
634,Scissors,Scissors,Paper,-0.5,0.314
635,Paper,Paper,Rock,-0.5,0.313
636,Rock,Rock,Rock,0.0,0.313
637,Scissors,Scissors,Paper,-0.5,0.312
638,Scissors,Scissors,Paper,-0.5,0.312
639,Scissors,Scissors,Rock,1.0,0.313
640,Scissors,Scissors,Rock,1.0,0.314
641,Rock,Rock,Rock,0.0,0.314
642,Rock,Rock,Paper,1.0,0.315
643,Rock,Rock,Paper,1.0,0.316
644,Rock,Rock,Paper,1.0,0.317
645,Paper,Paper,Paper,0.0,0.316
646,Rock,Rock,Paper,1.0,0.317
647,Scissors,Scissors,Paper,-0.5,0.317
648,Paper,Paper,Rock,-0.5,0.316
649,Scissors,Scissors,Rock,1.0,0.317
650,Rock,Rock,Rock,0.0,0.317
651,Paper,Paper,Paper,0.0,0.316
652,Paper,Paper,Paper,0.0,0.316
653,Rock,Rock,Paper,1.0,0.317
654,Scissors,Scissors,Paper,-0.5,0.317
655,Rock,Rock,Rock,0.0,0.316
656,Paper,Paper,Paper,0.0,0.316
657,Paper,Paper,Rock,-0.5,0.315
658,Scissors,Scissors,Rock,1.0,0.316
659,Scissors,Scissors,Rock,1.0,0.317
660,Scissors,Scissors,Rock,1.0,0.318
661,Paper,Paper,Rock,-0.5,0.318
662,Scissors,Scissors,Paper,-0.5,0.317
663,Rock,Rock,Rock,0.0,0.317
664,Scissors,Scissors,Paper,-0.5,0.316
665,Rock,Rock,Rock,0.0,0.316
666,Paper,Paper,Rock,-0.5,0.315
667,Rock,Rock,Paper,1.0,0.316
668,Rock,Rock,Paper,1.0,0.317
669,Paper,Paper,Paper,0.0,0.317
670,Scissors,Scissors,Rock,1.0,0.318
671,Paper,Paper,Rock,-0.5,0.317
672,Rock,Rock,Rock,0.0,0.317
673,Paper,Paper,Paper,0.0,0.316
674,Rock,Rock,Paper,1.0,0.318
675,Rock,Rock,Paper,1.0,0.319
676,Paper,Paper,Paper,0.0,0.318
677,Rock,Rock,Paper,1.0,0.319
678,Rock,Rock,Paper,1.0,0.320
679,Scissors,Scissors,Paper,-0.5,0.320
680,Scissors,Scissors,Rock,1.0,0.321
681,Paper,Paper,Rock,-0.5,0.320
682,Paper,Paper,Paper,0.0,0.320
683,Paper,Paper,Paper,0.0,0.319
684,Scissors,Scissors,Paper,-0.5,0.319
685,Paper,Paper,Rock,-0.5,0.318
686,Paper,Paper,Paper,0.0,0.318
687,Scissors,Scissors,Paper,-0.5,0.317
688,Paper,Paper,Rock,-0.5,0.317
689,Rock,Rock,Paper,1.0,0.318
690,Rock,Rock,Paper,1.0,0.319
691,Rock,Rock,Paper,1.0,0.320
692,Scissors,Scissors,Paper,-0.5,0.319
693,Scissors,Scissors,Rock,1.0,0.320
694,Rock,Rock,Rock,0.0,0.320
695,Paper,Paper,Paper,0.0,0.319
696,Rock,Rock,Paper,1.0,0.320
697,Rock,Rock,Paper,1.0,0.321
698,Paper,Paper,Paper,0.0,0.321
699,Scissors,Scissors,Paper,-0.5,0.320
700,Rock,Rock,Rock,0.0,0.320
701,Scissors,Scissors,Paper,-0.5,0.320
702,Scissors,Scissors,Rock,1.0,0.321
703,Rock,Rock,Rock,0.0,0.320
704,Rock,Rock,Paper,1.0,0.321
705,Scissors,Scissors,Paper,-0.5,0.321
706,Paper,Paper,Rock,-0.5,0.320
707,Rock,Rock,Paper,1.0,0.321
708,Paper,Paper,Paper,0.0,0.321
709,Rock,Rock,Paper,1.0,0.322
710,Scissors,Scissors,Paper,-0.5,0.321
711,Scissors,Scissors,Rock,1.0,0.322
712,Scissors,Scissors,Rock,1.0,0.323
713,Rock,Rock,Rock,0.0,0.323
714,Rock,Rock,Paper,1.0,0.324
715,Rock,Rock,Paper,1.0,0.324
716,Paper,Paper,Paper,0.0,0.324
717,Paper,Paper,Paper,0.0,0.324
718,Paper,Paper,Paper,0.0,0.323
719,Rock,Rock,Paper,1.0,0.324
720,Scissors,Scissors,Paper,-0.5,0.324
721,Rock,Rock,Rock,0.0,0.323
722,Scissors,Scissors,Paper,-0.5,0.323
723,Rock,Rock,Rock,0.0,0.322
724,Paper,Paper,Rock,-0.5,0.322
725,Rock,Rock,Paper,1.0,0.323
726,Rock,Rock,Paper,1.0,0.324
727,Rock,Rock,Paper,1.0,0.325
728,Paper,Paper,Paper,0.0,0.324
729,Rock,Rock,Paper,1.0,0.325
730,Rock,Rock,Paper,1.0,0.326
731,Paper,Paper,Paper,0.0,0.326
732,Scissors,Scissors,Paper,-0.5,0.325
733,Scissors,Scissors,Paper,-0.5,0.325
734,Scissors,Scissors,Rock,1.0,0.326
735,Scissors,Scissors,Rock,1.0,0.327
736,Scissors,Scissors,Rock,1.0,0.327
737,Scissors,Scissors,Rock,1.0,0.328
738,Scissors,Scissors,Paper,-0.5,0.328
739,Scissors,Scissors,Rock,1.0,0.329
740,Paper,Paper,Rock,-0.5,0.328
741,Scissors,Scissors,Paper,-0.5,0.328
742,Paper,Paper,Rock,-0.5,0.327
743,Rock,Rock,Paper,1.0,0.328
744,Rock,Rock,Paper,1.0,0.329
745,Rock,Rock,Rock,0.0,0.329
746,Rock,Rock,Paper,1.0,0.330
747,Scissors,Scissors,Paper,-0.5,0.329
748,Scissors,Scissors,Rock,1.0,0.330
749,Paper,Paper,Rock,-0.5,0.330
750,Rock,Rock,Paper,1.0,0.331
751,Paper,Paper,Paper,0.0,0.330
752,Paper,Paper,Paper,0.0,0.330
753,Paper,Paper,Paper,0.0,0.329
754,Scissors,Scissors,Paper,-0.5,0.329
755,Paper,Paper,Rock,-0.5,0.328
756,Paper,Paper,Paper,0.0,0.328
757,Rock,Rock,Paper,1.0,0.329
758,Scissors,Scissors,Paper,-0.5,0.328
759,Paper,Paper,Rock,-0.5,0.328
760,Paper,Paper,Paper,0.0,0.328
761,Scissors,Scissors,Paper,-0.5,0.327
762,Rock,Rock,Rock,0.0,0.327
763,Scissors,Scissors,Paper,-0.5,0.326
764,Paper,Paper,Rock,-0.5,0.326
765,Paper,Paper,Paper,0.0,0.325
766,Paper,Paper,Paper,0.0,0.325
767,Rock,Rock,Rock,0.0,0.325
768,Scissors,Scissors,Paper,-0.5,0.324
769,Rock,Rock,Rock,0.0,0.324
770,Paper,Paper,Rock,-0.5,0.323
771,Scissors,Scissors,Rock,1.0,0.324
772,Rock,Rock,Rock,0.0,0.324
773,Scissors,Scissors,Paper,-0.5,0.323
774,Paper,Paper,Rock,-0.5,0.323
775,Paper,Paper,Rock,-0.5,0.323
776,Paper,Paper,Rock,-0.5,0.322
777,Rock,Rock,Rock,0.0,0.322
778,Rock,Rock,Paper,1.0,0.323
779,Paper,Paper,Rock,-0.5,0.322
780,Rock,Rock,Rock,0.0,0.322
781,Paper,Paper,Paper,0.0,0.321
782,Scissors,Scissors,Rock,1.0,0.322
783,Scissors,Scissors,Rock,1.0,0.323
784,Rock,Rock,Rock,0.0,0.323
785,Paper,Paper,Paper,0.0,0.322
786,Rock,Rock,Rock,0.0,0.322
787,Rock,Rock,Paper,1.0,0.323
788,Scissors,Scissors,Paper,-0.5,0.322
789,Scissors,Scissors,Rock,1.0,0.323
790,Scissors,Scissors,Rock,1.0,0.324
791,Rock,Rock,Rock,0.0,0.324
792,Scissors,Scissors,Paper,-0.5,0.323
793,Scissors,Scissors,Rock,1.0,0.324
794,Rock,Rock,Rock,0.0,0.324
795,Paper,Paper,Paper,0.0,0.323
796,Scissors,Scissors,Rock,1.0,0.324
797,Rock,Rock,Rock,0.0,0.324
798,Paper,Paper,Paper,0.0,0.323
799,Scissors,Scissors,Rock,1.0,0.324
800,Rock,Rock,Rock,0.0,0.324
801,Scissors,Scissors,Paper,-0.5,0.323
802,Scissors,Scissors,Rock,1.0,0.324
803,Paper,Paper,Rock,-0.5,0.324
804,Scissors,Scissors,Rock,1.0,0.325
805,Scissors,Scissors,Rock,1.0,0.325
806,Scissors,Scissors,Rock,1.0,0.326
807,Scissors,Scissors,Rock,1.0,0.327
808,Paper,Paper,Rock,-0.5,0.327
809,Rock,Rock,Rock,0.0,0.326
810,Rock,Rock,Paper,1.0,0.327
811,Scissors,Scissors,Paper,-0.5,0.327
812,Scissors,Scissors,Rock,1.0,0.328
813,Scissors,Scissors,Rock,1.0,0.328
814,Rock,Rock,Rock,0.0,0.328
815,Scissors,Scissors,Paper,-0.5,0.328
816,Rock,Rock,Rock,0.0,0.327
817,Paper,Paper,Paper,0.0,0.327
818,Scissors,Scissors,Rock,1.0,0.328
819,Scissors,Scissors,Rock,1.0,0.328
820,Rock,Rock,Rock,0.0,0.328
821,Paper,Paper,Paper,0.0,0.328
822,Rock,Rock,Rock,0.0,0.327
823,Rock,Rock,Paper,1.0,0.328
824,Rock,Rock,Paper,1.0,0.329
825,Paper,Paper,Paper,0.0,0.328
826,Paper,Paper,Rock,-0.5,0.328
827,Paper,Paper,Rock,-0.5,0.328
828,Rock,Rock,Rock,0.0,0.327
829,Rock,Rock,Paper,1.0,0.328
830,Rock,Rock,Paper,1.0,0.329
831,Rock,Rock,Paper,1.0,0.330
832,Scissors,Scissors,Paper,-0.5,0.329
833,Paper,Paper,Rock,-0.5,0.329
834,Paper,Paper,Paper,0.0,0.329
835,Paper,Paper,Rock,-0.5,0.328
836,Paper,Paper,Rock,-0.5,0.328
837,Scissors,Scissors,Rock,1.0,0.329
838,Paper,Paper,Rock,-0.5,0.328
839,Rock,Rock,Rock,0.0,0.328
840,Scissors,Scissors,Paper,-0.5,0.327
841,Paper,Paper,Rock,-0.5,0.327
842,Scissors,Scissors,Rock,1.0,0.328
843,Scissors,Scissors,Rock,1.0,0.329
844,Rock,Rock,Rock,0.0,0.328
845,Scissors,Scissors,Paper,-0.5,0.328
846,Scissors,Scissors,Rock,1.0,0.329
847,Scissors,Scissors,Rock,1.0,0.329
848,Paper,Paper,Rock,-0.5,0.329
849,Paper,Paper,Rock,-0.5,0.329
850,Scissors,Scissors,Rock,1.0,0.329
851,Rock,Rock,Rock,0.0,0.329
852,Scissors,Scissors,Paper,-0.5,0.329
853,Scissors,Scissors,Rock,1.0,0.329
854,Scissors,Scissors,Rock,1.0,0.330
855,Paper,Paper,Rock,-0.5,0.330
856,Scissors,Scissors,Rock,1.0,0.331
857,Paper,Paper,Rock,-0.5,0.330
858,Scissors,Scissors,Rock,1.0,0.331
859,Paper,Paper,Rock,-0.5,0.331
860,Scissors,Scissors,Rock,1.0,0.331
861,Scissors,Scissors,Rock,1.0,0.332
862,Rock,Rock,Rock,0.0,0.332
863,Rock,Rock,Paper,1.0,0.333
864,Paper,Paper,Paper,0.0,0.332
865,Paper,Paper,Rock,-0.5,0.332
866,Scissors,Scissors,Rock,1.0,0.333
867,Rock,Rock,Rock,0.0,0.332
868,Paper,Paper,Paper,0.0,0.332
869,Rock,Rock,Rock,0.0,0.331
870,Paper,Paper,Paper,0.0,0.331
871,Scissors,Scissors,Rock,1.0,0.332
872,Scissors,Scissors,Rock,1.0,0.333
873,Rock,Rock,Rock,0.0,0.332
874,Rock,Rock,Paper,1.0,0.333
875,Scissors,Scissors,Paper,-0.5,0.333
876,Rock,Rock,Rock,0.0,0.332
877,Paper,Paper,Paper,0.0,0.332
878,Scissors,Scissors,Rock,1.0,0.333
879,Rock,Rock,Rock,0.0,0.332
880,Paper,Paper,Paper,0.0,0.332
881,Rock,Rock,Rock,0.0,0.331
882,Scissors,Scissors,Rock,1.0,0.332
883,Rock,Rock,Rock,0.0,0.332
884,Rock,Rock,Paper,1.0,0.333
885,Rock,Rock,Paper,1.0,0.333
886,Scissors,Scissors,Rock,1.0,0.334
887,Scissors,Scissors,Rock,1.0,0.335
888,Rock,Rock,Rock,0.0,0.334
889,Rock,Rock,Paper,1.0,0.335
890,Paper,Paper,Rock,-0.5,0.335
891,Scissors,Scissors,Rock,1.0,0.336
892,Paper,Paper,Rock,-0.5,0.335
893,Scissors,Scissors,Rock,1.0,0.336
894,Paper,Paper,Rock,-0.5,0.336
895,Scissors,Scissors,Rock,1.0,0.336
896,Scissors,Scissors,Rock,1.0,0.337
897,Rock,Rock,Rock,0.0,0.337
898,Rock,Rock,Rock,0.0,0.336
899,Scissors,Scissors,Rock,1.0,0.337
900,Paper,Paper,Rock,-0.5,0.337
901,Scissors,Scissors,Paper,-0.5,0.336
902,Rock,Rock,Rock,0.0,0.336
903,Paper,Paper,Rock,-0.5,0.336
904,Paper,Paper,Rock,-0.5,0.335
905,Scissors,Scissors,Rock,1.0,0.336
906,Scissors,Scissors,Rock,1.0,0.337
907,Scissors,Scissors,Paper,-0.5,0.336
908,Paper,Paper,Rock,-0.5,0.336
909,Scissors,Scissors,Rock,1.0,0.337
910,Paper,Paper,Rock,-0.5,0.336
911,Rock,Rock,Paper,1.0,0.337
912,Rock,Rock,Rock,0.0,0.337
913,Rock,Rock,Rock,0.0,0.336
914,Paper,Paper,Rock,-0.5,0.336
915,Paper,Paper,Rock,-0.5,0.336
916,Rock,Rock,Rock,0.0,0.335
917,Rock,Rock,Rock,0.0,0.335
918,Scissors,Scissors,Rock,1.0,0.336
919,Rock,Rock,Rock,0.0,0.335
920,Rock,Rock,Rock,0.0,0.335
921,Rock,Rock,Rock,0.0,0.334
922,Scissors,Scissors,Rock,1.0,0.335
923,Paper,Paper,Rock,-0.5,0.335
924,Scissors,Scissors,Rock,1.0,0.335
925,Paper,Paper,Rock,-0.5,0.335
926,Paper,Paper,Paper,0.0,0.335
927,Rock,Rock,Rock,0.0,0.334
928,Rock,Rock,Rock,0.0,0.334
929,Scissors,Scissors,Rock,1.0,0.335
930,Paper,Paper,Rock,-0.5,0.334
931,Scissors,Scissors,Rock,1.0,0.335
932,Paper,Paper,Rock,-0.5,0.335
933,Scissors,Scissors,Paper,-0.5,0.334
934,Scissors,Scissors,Rock,1.0,0.335
935,Paper,Paper,Rock,-0.5,0.335
936,Scissors,Scissors,Rock,1.0,0.335
937,Rock,Rock,Rock,0.0,0.335
938,Rock,Rock,Rock,0.0,0.335
939,Rock,Rock,Rock,0.0,0.334
940,Rock,Rock,Rock,0.0,0.334
941,Paper,Paper,Rock,-0.5,0.334
942,Paper,Paper,Paper,0.0,0.333
943,Scissors,Scissors,Rock,1.0,0.334
944,Paper,Paper,Rock,-0.5,0.334
945,Scissors,Scissors,Rock,1.0,0.334
946,Paper,Paper,Rock,-0.5,0.334
947,Paper,Paper,Rock,-0.5,0.334
948,Rock,Rock,Rock,0.0,0.333
949,Paper,Paper,Rock,-0.5,0.333
950,Paper,Paper,Rock,-0.5,0.333
951,Scissors,Scissors,Rock,1.0,0.333
952,Rock,Rock,Rock,0.0,0.333
953,Scissors,Scissors,Rock,1.0,0.334
954,Paper,Paper,Rock,-0.5,0.333
955,Scissors,Scissors,Rock,1.0,0.334
956,Rock,Rock,Rock,0.0,0.334
957,Rock,Rock,Rock,0.0,0.333
958,Rock,Rock,Rock,0.0,0.333
959,Paper,Paper,Rock,-0.5,0.333
960,Paper,Paper,Rock,-0.5,0.332
961,Paper,Paper,Rock,-0.5,0.332
962,Scissors,Scissors,Rock,1.0,0.333
963,Rock,Rock,Rock,0.0,0.332
964,Paper,Paper,Rock,-0.5,0.332
965,Scissors,Scissors,Rock,1.0,0.333
966,Paper,Paper,Rock,-0.5,0.332
967,Scissors,Scissors,Rock,1.0,0.333
968,Scissors,Scissors,Rock,1.0,0.334
969,Rock,Rock,Rock,0.0,0.333
970,Paper,Paper,Rock,-0.5,0.333
971,Paper,Paper,Rock,-0.5,0.333
972,Paper,Paper,Rock,-0.5,0.332
973,Rock,Rock,Rock,0.0,0.332
974,Paper,Paper,Paper,0.0,0.332
975,Rock,Rock,Rock,0.0,0.331
976,Scissors,Scissors,Paper,-0.5,0.331
977,Paper,Paper,Paper,0.0,0.331
978,Rock,Rock,Rock,0.0,0.330
979,Scissors,Scissors,Paper,-0.5,0.330
980,Rock,Rock,Rock,0.0,0.330
981,Paper,Paper,Paper,0.0,0.329
982,Paper,Paper,Rock,-0.5,0.329
983,Rock,Rock,Rock,0.0,0.329
984,Rock,Rock,Paper,1.0,0.329
985,Rock,Rock,Paper,1.0,0.330
986,Scissors,Scissors,Paper,-0.5,0.330
987,Paper,Paper,Rock,-0.5,0.329
988,Paper,Paper,Rock,-0.5,0.329
989,Paper,Paper,Rock,-0.5,0.329
990,Paper,Paper,Rock,-0.5,0.328
991,Paper,Paper,Rock,-0.5,0.328
992,Scissors,Scissors,Rock,1.0,0.329
993,Scissors,Scissors,Rock,1.0,0.329
994,Paper,Paper,Rock,-0.5,0.329
995,Rock,Rock,Rock,0.0,0.329
996,Scissors,Scissors,Paper,-0.5,0.328
997,Rock,Rock,Rock,0.0,0.328
998,Scissors,Scissors,Paper,-0.5,0.328
999,Rock,Rock,Rock,0.0,0.327
1000,Paper,Paper,Paper,0.0,0.327
1001,Paper,Paper,Rock,-0.5,0.327
1002,Paper,Paper,Rock,-0.5,0.326
1003,Scissors,Scissors,Rock,1.0,0.327
1004,Scissors,Scissors,Rock,1.0,0.328
1005,Paper,Paper,Paper,0.0,0.327
1006,Rock,Rock,Paper,1.0,0.328
1007,Paper,Paper,Paper,0.0,0.328
1008,Paper,Paper,Rock,-0.5,0.327
1009,Scissors,Scissors,Paper,-0.5,0.327
1010,Paper,Paper,Paper,0.0,0.327
1011,Paper,Paper,Paper,0.0,0.326
1012,Paper,Paper,Paper,0.0,0.326
1013,Paper,Paper,Paper,0.0,0.326
1014,Rock,Rock,Paper,1.0,0.326
1015,Paper,Paper,Paper,0.0,0.326
1016,Rock,Rock,Paper,1.0,0.327
1017,Scissors,Scissors,Paper,-0.5,0.326
1018,Scissors,Scissors,Rock,1.0,0.327
1019,Rock,Rock,Rock,0.0,0.327
1020,Rock,Rock,Paper,1.0,0.327
1021,Scissors,Scissors,Paper,-0.5,0.327
1022,Rock,Rock,Rock,0.0,0.327
1023,Paper,Paper,Paper,0.0,0.326
1024,Paper,Paper,Paper,0.0,0.326
1025,Paper,Paper,Paper,0.0,0.326
1026,Scissors,Scissors,Paper,-0.5,0.326
1027,Scissors,Scissors,Rock,1.0,0.326
1028,Scissors,Scissors,Rock,1.0,0.327
1029,Rock,Rock,Rock,0.0,0.327
1030,Scissors,Scissors,Paper,-0.5,0.326
1031,Paper,Paper,Rock,-0.5,0.326
1032,Rock,Rock,Rock,0.0,0.326
1033,Paper,Paper,Paper,0.0,0.325
1034,Scissors,Scissors,Paper,-0.5,0.325
1035,Rock,Rock,Paper,1.0,0.326
1036,Scissors,Scissors,Paper,-0.5,0.325
1037,Scissors,Scissors,Rock,1.0,0.326
1038,Rock,Rock,Rock,0.0,0.326
1039,Scissors,Scissors,Paper,-0.5,0.325
1040,Paper,Paper,Rock,-0.5,0.325
1041,Paper,Paper,Paper,0.0,0.325
1042,Rock,Rock,Paper,1.0,0.325
1043,Paper,Paper,Rock,-0.5,0.325
1044,Rock,Rock,Paper,1.0,0.326
1045,Paper,Paper,Rock,-0.5,0.325
1046,Scissors,Scissors,Paper,-0.5,0.325
1047,Paper,Paper,Rock,-0.5,0.325
1048,Paper,Paper,Paper,0.0,0.324
1049,Rock,Rock,Paper,1.0,0.325
1050,Scissors,Scissors,Paper,-0.5,0.325
1051,Rock,Rock,Rock,0.0,0.324
1052,Scissors,Scissors,Paper,-0.5,0.324
1053,Scissors,Scissors,Rock,1.0,0.325
1054,Scissors,Scissors,Rock,1.0,0.325
1055,Scissors,Scissors,Rock,1.0,0.326
1056,Rock,Rock,Rock,0.0,0.326
1057,Scissors,Scissors,Paper,-0.5,0.325
1058,Rock,Rock,Rock,0.0,0.325
1059,Paper,Paper,Paper,0.0,0.325
1060,Rock,Rock,Paper,1.0,0.325
1061,Scissors,Scissors,Paper,-0.5,0.325
1062,Scissors,Scissors,Rock,1.0,0.326
1063,Rock,Rock,Rock,0.0,0.325
1064,Paper,Paper,Paper,0.0,0.325
1065,Rock,Rock,Paper,1.0,0.326
1066,Paper,Paper,Paper,0.0,0.326
1067,Scissors,Scissors,Paper,-0.5,0.325
1068,Scissors,Scissors,Rock,1.0,0.326
1069,Rock,Rock,Rock,0.0,0.326
1070,Scissors,Scissors,Paper,-0.5,0.325
1071,Scissors,Scissors,Paper,-0.5,0.325
1072,Paper,Paper,Rock,-0.5,0.325
1073,Paper,Paper,Rock,-0.5,0.324
1074,Rock,Rock,Paper,1.0,0.325
1075,Paper,Paper,Paper,0.0,0.325
1076,Paper,Paper,Rock,-0.5,0.324
1077,Rock,Rock,Paper,1.0,0.325
1078,Paper,Paper,Paper,0.0,0.325
1079,Scissors,Scissors,Paper,-0.5,0.324
1080,Paper,Paper,Rock,-0.5,0.324
1081,Paper,Paper,Paper,0.0,0.324
1082,Rock,Rock,Paper,1.0,0.324
1083,Paper,Paper,Paper,0.0,0.324
1084,Scissors,Scissors,Paper,-0.5,0.324
1085,Rock,Rock,Rock,0.0,0.324
1086,Paper,Paper,Paper,0.0,0.323
1087,Rock,Rock,Paper,1.0,0.324
1088,Scissors,Scissors,Paper,-0.5,0.324
1089,Scissors,Scissors,Rock,1.0,0.324
1090,Scissors,Scissors,Rock,1.0,0.325
1091,Scissors,Scissors,Rock,1.0,0.325
1092,Scissors,Scissors,Paper,-0.5,0.325
1093,Rock,Rock,Rock,0.0,0.325
1094,Scissors,Scissors,Paper,-0.5,0.324
1095,Paper,Paper,Rock,-0.5,0.324
1096,Rock,Rock,Paper,1.0,0.325
1097,Paper,Paper,Paper,0.0,0.325
1098,Paper,Paper,Paper,0.0,0.324
1099,Scissors,Scissors,Paper,-0.5,0.324
1100,Paper,Paper,Rock,-0.5,0.324
1101,Rock,Rock,Paper,1.0,0.324
1102,Scissors,Scissors,Paper,-0.5,0.324
1103,Scissors,Scissors,Rock,1.0,0.325
1104,Paper,Paper,Rock,-0.5,0.324
1105,Rock,Rock,Paper,1.0,0.325
1106,Scissors,Scissors,Paper,-0.5,0.325
1107,Paper,Paper,Rock,-0.5,0.324
1108,Rock,Rock,Paper,1.0,0.325
1109,Scissors,Scissors,Paper,-0.5,0.325
1110,Scissors,Scissors,Rock,1.0,0.325
1111,Paper,Paper,Rock,-0.5,0.325
1112,Paper,Paper,Paper,0.0,0.325
1113,Scissors,Scissors,Paper,-0.5,0.324
1114,Rock,Rock,Rock,0.0,0.324
1115,Rock,Rock,Paper,1.0,0.325
1116,Rock,Rock,Paper,1.0,0.325
1117,Rock,Rock,Paper,1.0,0.326
1118,Rock,Rock,Paper,1.0,0.326
1119,Rock,Rock,Paper,1.0,0.327
1120,Paper,Paper,Paper,0.0,0.327
1121,Scissors,Scissors,Paper,-0.5,0.326
1122,Paper,Paper,Rock,-0.5,0.326
1123,Paper,Paper,Paper,0.0,0.326
1124,Paper,Paper,Paper,0.0,0.326
1125,Paper,Paper,Paper,0.0,0.325
1126,Scissors,Scissors,Paper,-0.5,0.325
1127,Paper,Paper,Rock,-0.5,0.325
1128,Paper,Paper,Paper,0.0,0.324
1129,Scissors,Scissors,Paper,-0.5,0.324
1130,Rock,Rock,Rock,0.0,0.324
1131,Paper,Paper,Paper,0.0,0.324
1132,Rock,Rock,Paper,1.0,0.324
1133,Rock,Rock,Paper,1.0,0.325
1134,Paper,Paper,Paper,0.0,0.325
1135,Scissors,Scissors,Paper,-0.5,0.324
1136,Rock,Rock,Rock,0.0,0.324
1137,Scissors,Scissors,Rock,1.0,0.325
1138,Scissors,Scissors,Rock,1.0,0.325
1139,Scissors,Scissors,Rock,1.0,0.326
1140,Rock,Rock,Rock,0.0,0.325
1141,Rock,Rock,Rock,0.0,0.325
1142,Scissors,Scissors,Paper,-0.5,0.325
1143,Paper,Paper,Rock,-0.5,0.325
1144,Paper,Paper,Paper,0.0,0.324
1145,Scissors,Scissors,Paper,-0.5,0.324
1146,Rock,Rock,Rock,0.0,0.324
1147,Scissors,Scissors,Rock,1.0,0.324
1148,Rock,Rock,Rock,0.0,0.324
1149,Scissors,Scissors,Paper,-0.5,0.324
1150,Scissors,Scissors,Rock,1.0,0.324
1151,Paper,Paper,Rock,-0.5,0.324
1152,Paper,Paper,Paper,0.0,0.324
1153,Rock,Rock,Paper,1.0,0.324
1154,Rock,Rock,Paper,1.0,0.325
1155,Scissors,Scissors,Rock,1.0,0.326
1156,Rock,Rock,Rock,0.0,0.325
1157,Paper,Paper,Rock,-0.5,0.325
1158,Scissors,Scissors,Paper,-0.5,0.325
1159,Rock,Rock,Rock,0.0,0.324
1160,Paper,Paper,Rock,-0.5,0.324
1161,Scissors,Scissors,Paper,-0.5,0.324
1162,Scissors,Scissors,Rock,1.0,0.324
1163,Scissors,Scissors,Rock,1.0,0.325
1164,Paper,Paper,Rock,-0.5,0.325
1165,Scissors,Scissors,Paper,-0.5,0.324
1166,Paper,Paper,Rock,-0.5,0.324
1167,Paper,Paper,Paper,0.0,0.324
1168,Rock,Rock,Paper,1.0,0.324
1169,Scissors,Scissors,Rock,1.0,0.325
1170,Scissors,Scissors,Rock,1.0,0.326
1171,Paper,Paper,Rock,-0.5,0.325
1172,Paper,Paper,Paper,0.0,0.325
1173,Rock,Rock,Paper,1.0,0.326
1174,Rock,Rock,Rock,0.0,0.325
1175,Rock,Rock,Rock,0.0,0.325
1176,Scissors,Scissors,Rock,1.0,0.326
1177,Paper,Paper,Paper,0.0,0.325
1178,Scissors,Scissors,Paper,-0.5,0.325
1179,Rock,Rock,Rock,0.0,0.325
1180,Scissors,Scissors,Paper,-0.5,0.325
1181,Paper,Paper,Rock,-0.5,0.324
1182,Paper,Paper,Paper,0.0,0.324
1183,Rock,Rock,Paper,1.0,0.325
1184,Scissors,Scissors,Rock,1.0,0.325
1185,Rock,Rock,Rock,0.0,0.325
1186,Paper,Paper,Rock,-0.5,0.325
1187,Scissors,Scissors,Paper,-0.5,0.324
1188,Rock,Rock,Rock,0.0,0.324
1189,Scissors,Scissors,Rock,1.0,0.325
1190,Scissors,Scissors,Rock,1.0,0.325
1191,Scissors,Scissors,Rock,1.0,0.326
1192,Rock,Rock,Rock,0.0,0.326
1193,Rock,Rock,Rock,0.0,0.325
1194,Rock,Rock,Rock,0.0,0.325
1195,Rock,Rock,Rock,0.0,0.325
1196,Scissors,Scissors,Rock,1.0,0.325
1197,Paper,Paper,Paper,0.0,0.325
1198,Paper,Paper,Paper,0.0,0.325
1199,Scissors,Scissors,Paper,-0.5,0.324
1200,Scissors,Scissors,Rock,1.0,0.325
1201,Rock,Rock,Rock,0.0,0.325
1202,Paper,Paper,Rock,-0.5,0.324
1203,Paper,Paper,Paper,0.0,0.324
1204,Rock,Rock,Paper,1.0,0.325
1205,Paper,Paper,Rock,-0.5,0.324
1206,Scissors,Scissors,Paper,-0.5,0.324
1207,Rock,Rock,Rock,0.0,0.324
1208,Rock,Rock,Rock,0.0,0.324
1209,Paper,Paper,Rock,-0.5,0.323
1210,Rock,Rock,Paper,1.0,0.324
1211,Scissors,Scissors,Rock,1.0,0.325
1212,Rock,Rock,Rock,0.0,0.324
1213,Rock,Rock,Rock,0.0,0.324
1214,Paper,Paper,Rock,-0.5,0.324
1215,Rock,Rock,Paper,1.0,0.324
1216,Paper,Paper,Rock,-0.5,0.324
1217,Paper,Paper,Paper,0.0,0.324
1218,Paper,Paper,Paper,0.0,0.323
1219,Rock,Rock,Paper,1.0,0.324
1220,Scissors,Scissors,Rock,1.0,0.325
1221,Paper,Paper,Rock,-0.5,0.324
1222,Scissors,Scissors,Paper,-0.5,0.324
1223,Scissors,Scissors,Rock,1.0,0.325
1224,Rock,Rock,Rock,0.0,0.324
1225,Paper,Paper,Rock,-0.5,0.324
1226,Scissors,Scissors,Paper,-0.5,0.324
1227,Paper,Paper,Rock,-0.5,0.324
1228,Paper,Paper,Paper,0.0,0.323
1229,Paper,Paper,Paper,0.0,0.323
1230,Scissors,Scissors,Paper,-0.5,0.323
1231,Scissors,Scissors,Rock,1.0,0.323
1232,Paper,Paper,Rock,-0.5,0.323
1233,Paper,Paper,Paper,0.0,0.323
1234,Scissors,Scissors,Paper,-0.5,0.323
1235,Rock,Rock,Rock,0.0,0.322
1236,Rock,Rock,Rock,0.0,0.322
1237,Rock,Rock,Rock,0.0,0.322
1238,Rock,Rock,Paper,1.0,0.322
1239,Scissors,Scissors,Rock,1.0,0.323
1240,Paper,Paper,Rock,-0.5,0.323
1241,Paper,Paper,Paper,0.0,0.322
1242,Scissors,Scissors,Paper,-0.5,0.322
1243,Paper,Paper,Rock,-0.5,0.322
1244,Paper,Paper,Paper,0.0,0.322
1245,Paper,Paper,Paper,0.0,0.321
1246,Rock,Rock,Paper,1.0,0.322
1247,Paper,Paper,Rock,-0.5,0.322
1248,Rock,Rock,Paper,1.0,0.322
1249,Scissors,Scissors,Rock,1.0,0.323
1250,Paper,Paper,Paper,0.0,0.322
1251,Rock,Rock,Paper,1.0,0.323
1252,Paper,Paper,Rock,-0.5,0.323
1253,Rock,Rock,Paper,1.0,0.323
1254,Paper,Paper,Rock,-0.5,0.323
1255,Paper,Paper,Paper,0.0,0.323
1256,Rock,Rock,Paper,1.0,0.323
1257,Scissors,Scissors,Rock,1.0,0.324
1258,Rock,Rock,Rock,0.0,0.324
1259,Scissors,Scissors,Rock,1.0,0.324
1260,Scissors,Scissors,Rock,1.0,0.325
1261,Scissors,Scissors,Rock,1.0,0.325
1262,Rock,Rock,Paper,1.0,0.326
1263,Paper,Paper,Rock,-0.5,0.325
1264,Rock,Rock,Paper,1.0,0.326
1265,Paper,Paper,Rock,-0.5,0.326
1266,Paper,Paper,Rock,-0.5,0.325
1267,Scissors,Scissors,Paper,-0.5,0.325
1268,Scissors,Scissors,Rock,1.0,0.326
1269,Paper,Paper,Rock,-0.5,0.325
1270,Rock,Rock,Paper,1.0,0.326
1271,Paper,Paper,Rock,-0.5,0.326
1272,Paper,Paper,Rock,-0.5,0.325
1273,Rock,Rock,Paper,1.0,0.326
1274,Paper,Paper,Rock,-0.5,0.326
1275,Rock,Rock,Paper,1.0,0.326
1276,Rock,Rock,Rock,0.0,0.326
1277,Scissors,Scissors,Rock,1.0,0.327
1278,Rock,Rock,Rock,0.0,0.326
1279,Scissors,Scissors,Rock,1.0,0.327
1280,Rock,Rock,Rock,0.0,0.327
1281,Scissors,Scissors,Rock,1.0,0.327
1282,Paper,Paper,Rock,-0.5,0.327
1283,Paper,Paper,Paper,0.0,0.327
1284,Paper,Paper,Paper,0.0,0.326
1285,Paper,Paper,Paper,0.0,0.326
1286,Rock,Rock,Rock,0.0,0.326
1287,Rock,Rock,Rock,0.0,0.326
1288,Paper,Paper,Rock,-0.5,0.325
1289,Rock,Rock,Paper,1.0,0.326
1290,Paper,Paper,Rock,-0.5,0.326
1291,Rock,Rock,Paper,1.0,0.326
1292,Scissors,Scissors,Rock,1.0,0.327
1293,Paper,Paper,Paper,0.0,0.326
1294,Paper,Paper,Paper,0.0,0.326
1295,Rock,Rock,Paper,1.0,0.327
1296,Scissors,Scissors,Rock,1.0,0.327
1297,Scissors,Scissors,Rock,1.0,0.328
1298,Rock,Rock,Rock,0.0,0.327
1299,Scissors,Scissors,Rock,1.0,0.328
1300,Scissors,Scissors,Rock,1.0,0.328
1301,Paper,Paper,Rock,-0.5,0.328
1302,Scissors,Scissors,Paper,-0.5,0.328
1303,Paper,Paper,Rock,-0.5,0.328
1304,Paper,Paper,Paper,0.0,0.327
1305,Rock,Rock,Paper,1.0,0.328
1306,Paper,Paper,Rock,-0.5,0.328
1307,Rock,Rock,Paper,1.0,0.328
1308,Scissors,Scissors,Rock,1.0,0.329
1309,Scissors,Scissors,Rock,1.0,0.329
1310,Rock,Rock,Rock,0.0,0.329
1311,Scissors,Scissors,Rock,1.0,0.330
1312,Scissors,Scissors,Rock,1.0,0.330
1313,Rock,Rock,Rock,0.0,0.330
1314,Paper,Paper,Rock,-0.5,0.330
1315,Scissors,Scissors,Paper,-0.5,0.329
1316,Rock,Rock,Rock,0.0,0.329
1317,Scissors,Scissors,Rock,1.0,0.330
1318,Rock,Rock,Rock,0.0,0.329
1319,Rock,Rock,Rock,0.0,0.329
1320,Paper,Paper,Rock,-0.5,0.329
1321,Rock,Rock,Paper,1.0,0.329
1322,Rock,Rock,Rock,0.0,0.329
1323,Scissors,Scissors,Rock,1.0,0.330
1324,Rock,Rock,Rock,0.0,0.329
1325,Rock,Rock,Rock,0.0,0.329
1326,Scissors,Scissors,Rock,1.0,0.330
1327,Scissors,Scissors,Rock,1.0,0.330
1328,Rock,Rock,Rock,0.0,0.330
1329,Rock,Rock,Rock,0.0,0.330
1330,Scissors,Scissors,Rock,1.0,0.330
1331,Rock,Rock,Rock,0.0,0.330
1332,Paper,Paper,Rock,-0.5,0.330
1333,Rock,Rock,Paper,1.0,0.330
1334,Rock,Rock,Rock,0.0,0.330
1335,Scissors,Scissors,Rock,1.0,0.330
1336,Scissors,Scissors,Rock,1.0,0.331
1337,Rock,Rock,Rock,0.0,0.331
1338,Scissors,Scissors,Rock,1.0,0.331
1339,Paper,Paper,Rock,-0.5,0.331
1340,Paper,Paper,Paper,0.0,0.331
1341,Paper,Paper,Paper,0.0,0.330
1342,Rock,Rock,Paper,1.0,0.331
1343,Rock,Rock,Rock,0.0,0.331
1344,Scissors,Scissors,Rock,1.0,0.331
1345,Scissors,Scissors,Rock,1.0,0.332
1346,Rock,Rock,Rock,0.0,0.331
1347,Rock,Rock,Rock,0.0,0.331
1348,Scissors,Scissors,Rock,1.0,0.332
1349,Paper,Paper,Rock,-0.5,0.331
1350,Paper,Paper,Paper,0.0,0.331
1351,Scissors,Scissors,Paper,-0.5,0.331
1352,Scissors,Scissors,Rock,1.0,0.331
1353,Paper,Paper,Rock,-0.5,0.331
1354,Paper,Paper,Rock,-0.5,0.331
1355,Paper,Paper,Paper,0.0,0.331
1356,Scissors,Scissors,Paper,-0.5,0.330
1357,Paper,Paper,Rock,-0.5,0.330
1358,Scissors,Scissors,Paper,-0.5,0.330
1359,Scissors,Scissors,Rock,1.0,0.330
1360,Rock,Rock,Rock,0.0,0.330
1361,Paper,Paper,Rock,-0.5,0.330
1362,Scissors,Scissors,Paper,-0.5,0.330
1363,Rock,Rock,Rock,0.0,0.329
1364,Paper,Paper,Rock,-0.5,0.329
1365,Scissors,Scissors,Paper,-0.5,0.329
1366,Paper,Paper,Rock,-0.5,0.329
1367,Paper,Paper,Rock,-0.5,0.328
1368,Rock,Rock,Paper,1.0,0.329
1369,Paper,Paper,Rock,-0.5,0.329
1370,Scissors,Scissors,Paper,-0.5,0.328
1371,Scissors,Scissors,Rock,1.0,0.329
1372,Scissors,Scissors,Rock,1.0,0.329
1373,Scissors,Scissors,Rock,1.0,0.330
1374,Rock,Rock,Rock,0.0,0.330
1375,Rock,Rock,Paper,1.0,0.330
1376,Scissors,Scissors,Paper,-0.5,0.330
1377,Scissors,Scissors,Rock,1.0,0.330
1378,Rock,Rock,Rock,0.0,0.330
1379,Rock,Rock,Rock,0.0,0.330
1380,Rock,Rock,Paper,1.0,0.330
1381,Paper,Paper,Paper,0.0,0.330
1382,Scissors,Scissors,Paper,-0.5,0.330
1383,Paper,Paper,Rock,-0.5,0.330
1384,Paper,Paper,Rock,-0.5,0.329
1385,Scissors,Scissors,Paper,-0.5,0.329
1386,Paper,Paper,Rock,-0.5,0.329
1387,Paper,Paper,Paper,0.0,0.329
1388,Rock,Rock,Paper,1.0,0.329
1389,Scissors,Scissors,Rock,1.0,0.330
1390,Scissors,Scissors,Rock,1.0,0.330
1391,Paper,Paper,Rock,-0.5,0.330
1392,Rock,Rock,Paper,1.0,0.330
1393,Rock,Rock,Paper,1.0,0.331
1394,Rock,Rock,Paper,1.0,0.331
1395,Paper,Paper,Paper,0.0,0.331
1396,Rock,Rock,Paper,1.0,0.332
1397,Rock,Rock,Paper,1.0,0.332
1398,Paper,Paper,Paper,0.0,0.332
1399,Rock,Rock,Paper,1.0,0.332
1400,Paper,Paper,Rock,-0.5,0.332
1401,Scissors,Scissors,Paper,-0.5,0.332
1402,Paper,Paper,Rock,-0.5,0.332
1403,Rock,Rock,Paper,1.0,0.332
1404,Rock,Rock,Paper,1.0,0.333
1405,Rock,Rock,Paper,1.0,0.333
1406,Scissors,Scissors,Paper,-0.5,0.333
1407,Scissors,Scissors,Rock,1.0,0.333
1408,Scissors,Scissors,Rock,1.0,0.334
1409,Rock,Rock,Rock,0.0,0.334
1410,Scissors,Scissors,Paper,-0.5,0.333
1411,Scissors,Scissors,Rock,1.0,0.334
1412,Scissors,Scissors,Rock,1.0,0.334
1413,Rock,Rock,Rock,0.0,0.334
1414,Paper,Paper,Paper,0.0,0.334
1415,Rock,Rock,Paper,1.0,0.334
1416,Scissors,Scissors,Paper,-0.5,0.334
1417,Rock,Rock,Rock,0.0,0.334
1418,Paper,Paper,Paper,0.0,0.334
1419,Rock,Rock,Paper,1.0,0.334
1420,Scissors,Scissors,Paper,-0.5,0.334
1421,Rock,Rock,Rock,0.0,0.334
1422,Scissors,Scissors,Paper,-0.5,0.333
1423,Scissors,Scissors,Rock,1.0,0.334
1424,Rock,Rock,Rock,0.0,0.334
1425,Paper,Paper,Paper,0.0,0.333
1426,Paper,Paper,Paper,0.0,0.333
1427,Paper,Paper,Paper,0.0,0.333
1428,Scissors,Scissors,Paper,-0.5,0.333
1429,Paper,Paper,Rock,-0.5,0.332
1430,Paper,Paper,Paper,0.0,0.332
1431,Rock,Rock,Rock,0.0,0.332
1432,Scissors,Scissors,Paper,-0.5,0.332
1433,Paper,Paper,Rock,-0.5,0.331
1434,Scissors,Scissors,Paper,-0.5,0.331
1435,Scissors,Scissors,Rock,1.0,0.332
1436,Rock,Rock,Rock,0.0,0.331
1437,Rock,Rock,Paper,1.0,0.332
1438,Rock,Rock,Paper,1.0,0.332
1439,Rock,Rock,Paper,1.0,0.333
1440,Scissors,Scissors,Paper,-0.5,0.333
1441,Paper,Paper,Rock,-0.5,0.332
1442,Rock,Rock,Paper,1.0,0.333
1443,Paper,Paper,Paper,0.0,0.333
1444,Rock,Rock,Paper,1.0,0.333
1445,Rock,Rock,Paper,1.0,0.334
1446,Paper,Paper,Paper,0.0,0.333
1447,Scissors,Scissors,Paper,-0.5,0.333
1448,Scissors,Scissors,Rock,1.0,0.334
1449,Paper,Paper,Rock,-0.5,0.333
1450,Paper,Paper,Paper,0.0,0.333
1451,Rock,Rock,Paper,1.0,0.334
1452,Paper,Paper,Paper,0.0,0.333
1453,Rock,Rock,Paper,1.0,0.334
1454,Rock,Rock,Paper,1.0,0.334
1455,Scissors,Scissors,Paper,-0.5,0.334
1456,Paper,Paper,Rock,-0.5,0.334
1457,Scissors,Scissors,Paper,-0.5,0.334
1458,Rock,Rock,Rock,0.0,0.333
1459,Rock,Rock,Paper,1.0,0.334
1460,Rock,Rock,Paper,1.0,0.334
1461,Scissors,Scissors,Paper,-0.5,0.334
1462,Rock,Rock,Rock,0.0,0.334
1463,Rock,Rock,Paper,1.0,0.334
1464,Scissors,Scissors,Paper,-0.5,0.334
1465,Rock,Rock,Rock,0.0,0.334
1466,Scissors,Scissors,Paper,-0.5,0.334
1467,Paper,Paper,Rock,-0.5,0.333
1468,Scissors,Scissors,Paper,-0.5,0.333
1469,Scissors,Scissors,Rock,1.0,0.334
1470,Rock,Rock,Rock,0.0,0.333
1471,Paper,Paper,Rock,-0.5,0.333
1472,Scissors,Scissors,Paper,-0.5,0.333
1473,Paper,Paper,Rock,-0.5,0.333
1474,Rock,Rock,Paper,1.0,0.333
1475,Paper,Paper,Paper,0.0,0.333
1476,Paper,Paper,Paper,0.0,0.333
1477,Paper,Paper,Paper,0.0,0.332
1478,Scissors,Scissors,Paper,-0.5,0.332
1479,Rock,Rock,Rock,0.0,0.332
1480,Rock,Rock,Rock,0.0,0.332
1481,Paper,Paper,Paper,0.0,0.332
1482,Scissors,Scissors,Paper,-0.5,0.331
1483,Paper,Paper,Rock,-0.5,0.331
1484,Scissors,Scissors,Paper,-0.5,0.331
1485,Rock,Rock,Rock,0.0,0.331
1486,Paper,Paper,Paper,0.0,0.330
1487,Scissors,Scissors,Paper,-0.5,0.330
1488,Rock,Rock,Rock,0.0,0.330
1489,Scissors,Scissors,Paper,-0.5,0.330
1490,Paper,Paper,Rock,-0.5,0.330
1491,Paper,Paper,Paper,0.0,0.329
1492,Paper,Paper,Rock,-0.5,0.329
1493,Paper,Paper,Rock,-0.5,0.329
1494,Scissors,Scissors,Rock,1.0,0.329
1495,Paper,Paper,Rock,-0.5,0.329
1496,Paper,Paper,Rock,-0.5,0.329
1497,Rock,Rock,Rock,0.0,0.329
1498,Paper,Paper,Paper,0.0,0.328
1499,Rock,Rock,Rock,0.0,0.328
1500,Scissors,Scissors,Rock,1.0,0.329
1501,Rock,Rock,Rock,0.0,0.328
1502,Paper,Paper,Paper,0.0,0.328
1503,Scissors,Scissors,Rock,1.0,0.329
1504,Scissors,Scissors,Rock,1.0,0.329
1505,Rock,Rock,Rock,0.0,0.329
1506,Scissors,Scissors,Rock,1.0,0.329
1507,Scissors,Scissors,Rock,1.0,0.330
1508,Paper,Paper,Rock,-0.5,0.330
1509,Scissors,Scissors,Rock,1.0,0.330
1510,Paper,Paper,Rock,-0.5,0.330
1511,Scissors,Scissors,Rock,1.0,0.330
1512,Rock,Rock,Rock,0.0,0.330
1513,Rock,Rock,Rock,0.0,0.330
1514,Rock,Rock,Rock,0.0,0.330
1515,Paper,Paper,Rock,-0.5,0.329
1516,Paper,Paper,Rock,-0.5,0.329
1517,Scissors,Scissors,Rock,1.0,0.330
1518,Rock,Rock,Rock,0.0,0.329
1519,Paper,Paper,Rock,-0.5,0.329
1520,Paper,Paper,Rock,-0.5,0.329
1521,Scissors,Scissors,Rock,1.0,0.329
1522,Scissors,Scissors,Rock,1.0,0.330
1523,Rock,Rock,Rock,0.0,0.330
1524,Paper,Paper,Rock,-0.5,0.329
1525,Scissors,Scissors,Rock,1.0,0.330
1526,Rock,Rock,Rock,0.0,0.330
1527,Rock,Rock,Rock,0.0,0.329
1528,Rock,Rock,Rock,0.0,0.329
1529,Paper,Paper,Rock,-0.5,0.329
1530,Rock,Rock,Rock,0.0,0.329
1531,Scissors,Scissors,Rock,1.0,0.329
1532,Rock,Rock,Rock,0.0,0.329
1533,Rock,Rock,Rock,0.0,0.329
1534,Paper,Paper,Rock,-0.5,0.329
1535,Rock,Rock,Rock,0.0,0.328
1536,Scissors,Scissors,Rock,1.0,0.329
1537,Rock,Rock,Rock,0.0,0.329
1538,Scissors,Scissors,Rock,1.0,0.329
1539,Paper,Paper,Rock,-0.5,0.329
1540,Scissors,Scissors,Rock,1.0,0.329
1541,Rock,Rock,Rock,0.0,0.329
1542,Scissors,Scissors,Rock,1.0,0.329
1543,Scissors,Scissors,Rock,1.0,0.330
1544,Paper,Paper,Rock,-0.5,0.330
1545,Paper,Paper,Rock,-0.5,0.329
1546,Paper,Paper,Rock,-0.5,0.329
1547,Rock,Rock,Rock,0.0,0.329
1548,Scissors,Scissors,Rock,1.0,0.329
1549,Rock,Rock,Rock,0.0,0.329
1550,Rock,Rock,Rock,0.0,0.329
1551,Scissors,Scissors,Rock,1.0,0.329
1552,Rock,Rock,Rock,0.0,0.329
1553,Paper,Paper,Rock,-0.5,0.329
1554,Scissors,Scissors,Rock,1.0,0.329
1555,Scissors,Scissors,Paper,-0.5,0.329
1556,Rock,Rock,Rock,0.0,0.329
1557,Paper,Paper,Rock,-0.5,0.329
1558,Rock,Rock,Rock,0.0,0.329
1559,Rock,Rock,Rock,0.0,0.328
1560,Rock,Rock,Rock,0.0,0.328
1561,Paper,Paper,Paper,0.0,0.328
1562,Paper,Paper,Rock,-0.5,0.328
1563,Rock,Rock,Rock,0.0,0.328
1564,Rock,Rock,Paper,1.0,0.328
1565,Rock,Rock,Rock,0.0,0.328
1566,Rock,Rock,Paper,1.0,0.328
1567,Rock,Rock,Rock,0.0,0.328
1568,Scissors,Scissors,Paper,-0.5,0.328
1569,Scissors,Scissors,Rock,1.0,0.328
1570,Paper,Paper,Rock,-0.5,0.328
1571,Scissors,Scissors,Rock,1.0,0.328
1572,Rock,Rock,Rock,0.0,0.328
1573,Scissors,Scissors,Paper,-0.5,0.328
1574,Paper,Paper,Rock,-0.5,0.328
1575,Paper,Paper,Rock,-0.5,0.328
1576,Paper,Paper,Rock,-0.5,0.327
1577,Rock,Rock,Rock,0.0,0.327
1578,Scissors,Scissors,Rock,1.0,0.328
1579,Scissors,Scissors,Rock,1.0,0.328
1580,Rock,Rock,Rock,0.0,0.328
1581,Paper,Paper,Paper,0.0,0.328
1582,Paper,Paper,Rock,-0.5,0.327
1583,Paper,Paper,Rock,-0.5,0.327
1584,Rock,Rock,Rock,0.0,0.327
1585,Rock,Rock,Rock,0.0,0.327
1586,Paper,Paper,Paper,0.0,0.327
1587,Paper,Paper,Rock,-0.5,0.326
1588,Scissors,Scissors,Rock,1.0,0.327
1589,Rock,Rock,Rock,0.0,0.327
1590,Paper,Paper,Rock,-0.5,0.326
1591,Rock,Rock,Rock,0.0,0.326
1592,Scissors,Scissors,Rock,1.0,0.327
1593,Paper,Paper,Rock,-0.5,0.326
1594,Scissors,Scissors,Rock,1.0,0.327
1595,Rock,Rock,Rock,0.0,0.327
1596,Rock,Rock,Rock,0.0,0.326
1597,Paper,Paper,Rock,-0.5,0.326
1598,Scissors,Scissors,Rock,1.0,0.327
1599,Paper,Paper,Rock,-0.5,0.326
1600,Rock,Rock,Rock,0.0,0.326
1601,Rock,Rock,Rock,0.0,0.326
1602,Scissors,Scissors,Rock,1.0,0.326
1603,Paper,Paper,Rock,-0.5,0.326
1604,Rock,Rock,Paper,1.0,0.327
1605,Paper,Paper,Rock,-0.5,0.326
1606,Scissors,Scissors,Rock,1.0,0.327
1607,Paper,Paper,Paper,0.0,0.327
1608,Scissors,Scissors,Rock,1.0,0.327
1609,Paper,Paper,Rock,-0.5,0.327
1610,Rock,Rock,Rock,0.0,0.327
1611,Paper,Paper,Rock,-0.5,0.327
1612,Rock,Rock,Rock,0.0,0.326
1613,Scissors,Scissors,Rock,1.0,0.327
1614,Rock,Rock,Rock,0.0,0.327
1615,Rock,Rock,Rock,0.0,0.326
1616,Scissors,Scissors,Rock,1.0,0.327
1617,Rock,Rock,Rock,0.0,0.327
1618,Rock,Rock,Rock,0.0,0.326
1619,Paper,Paper,Rock,-0.5,0.326
1620,Paper,Paper,Rock,-0.5,0.326
1621,Scissors,Scissors,Rock,1.0,0.326
1622,Rock,Rock,Rock,0.0,0.326
1623,Rock,Rock,Rock,0.0,0.326
1624,Scissors,Scissors,Rock,1.0,0.326
1625,Rock,Rock,Rock,0.0,0.326
1626,Rock,Rock,Rock,0.0,0.326
1627,Scissors,Scissors,Rock,1.0,0.326
1628,Scissors,Scissors,Paper,-0.5,0.326
1629,Scissors,Scissors,Rock,1.0,0.327
1630,Rock,Rock,Rock,0.0,0.326
1631,Paper,Paper,Paper,0.0,0.326
1632,Scissors,Scissors,Rock,1.0,0.327
1633,Rock,Rock,Rock,0.0,0.326
1634,Scissors,Scissors,Rock,1.0,0.327
1635,Paper,Paper,Rock,-0.5,0.327
1636,Paper,Paper,Paper,0.0,0.326
1637,Rock,Rock,Paper,1.0,0.327
1638,Paper,Paper,Rock,-0.5,0.327
1639,Paper,Paper,Rock,-0.5,0.326
1640,Paper,Paper,Rock,-0.5,0.326
1641,Paper,Paper,Paper,0.0,0.326
1642,Scissors,Scissors,Rock,1.0,0.326
1643,Scissors,Scissors,Rock,1.0,0.327
1644,Rock,Rock,Rock,0.0,0.327
1645,Paper,Paper,Rock,-0.5,0.326
1646,Scissors,Scissors,Rock,1.0,0.327
1647,Scissors,Scissors,Rock,1.0,0.327
1648,Rock,Rock,Rock,0.0,0.327
1649,Rock,Rock,Rock,0.0,0.327
1650,Scissors,Scissors,Rock,1.0,0.327
1651,Paper,Paper,Rock,-0.5,0.327
1652,Rock,Rock,Rock,0.0,0.327
1653,Scissors,Scissors,Rock,1.0,0.327
1654,Rock,Rock,Rock,0.0,0.327
1655,Rock,Rock,Rock,0.0,0.327
1656,Rock,Rock,Rock,0.0,0.327
1657,Rock,Rock,Rock,0.0,0.326
1658,Scissors,Scissors,Rock,1.0,0.327
1659,Scissors,Scissors,Rock,1.0,0.327
1660,Paper,Paper,Rock,-0.5,0.327
1661,Paper,Paper,Paper,0.0,0.327
1662,Paper,Paper,Paper,0.0,0.327
1663,Rock,Rock,Rock,0.0,0.327
1664,Scissors,Scissors,Rock,1.0,0.327
1665,Paper,Paper,Rock,-0.5,0.327
1666,Scissors,Scissors,Rock,1.0,0.327
1667,Paper,Paper,Rock,-0.5,0.327
1668,Scissors,Scissors,Rock,1.0,0.327
1669,Paper,Paper,Rock,-0.5,0.327
1670,Scissors,Scissors,Rock,1.0,0.328
1671,Scissors,Scissors,Rock,1.0,0.328
1672,Rock,Rock,Rock,0.0,0.328
1673,Rock,Rock,Rock,0.0,0.328
1674,Paper,Paper,Rock,-0.5,0.327
1675,Scissors,Scissors,Rock,1.0,0.328
1676,Rock,Rock,Rock,0.0,0.328
1677,Paper,Paper,Rock,-0.5,0.327
1678,Scissors,Scissors,Rock,1.0,0.328
1679,Paper,Paper,Rock,-0.5,0.328
1680,Rock,Rock,Rock,0.0,0.327
1681,Rock,Rock,Rock,0.0,0.327
1682,Paper,Paper,Rock,-0.5,0.327
1683,Scissors,Scissors,Rock,1.0,0.327
1684,Rock,Rock,Rock,0.0,0.327
1685,Scissors,Scissors,Rock,1.0,0.328
1686,Paper,Paper,Rock,-0.5,0.327
1687,Rock,Rock,Paper,1.0,0.328
1688,Rock,Rock,Rock,0.0,0.328
1689,Rock,Rock,Rock,0.0,0.327
1690,Paper,Paper,Rock,-0.5,0.327
1691,Scissors,Scissors,Paper,-0.5,0.327
1692,Rock,Rock,Rock,0.0,0.327
1693,Rock,Rock,Rock,0.0,0.327
1694,Paper,Paper,Rock,-0.5,0.326
1695,Paper,Paper,Paper,0.0,0.326
1696,Scissors,Scissors,Paper,-0.5,0.326
1697,Paper,Paper,Rock,-0.5,0.326
1698,Paper,Paper,Paper,0.0,0.326
1699,Scissors,Scissors,Paper,-0.5,0.325
1700,Rock,Rock,Rock,0.0,0.325
1701,Paper,Paper,Rock,-0.5,0.325
1702,Scissors,Scissors,Rock,1.0,0.325
1703,Paper,Paper,Rock,-0.5,0.325
1704,Paper,Paper,Paper,0.0,0.325
1705,Rock,Rock,Rock,0.0,0.325
1706,Paper,Paper,Rock,-0.5,0.325
1707,Rock,Rock,Rock,0.0,0.325
1708,Scissors,Scissors,Rock,1.0,0.325
1709,Paper,Paper,Rock,-0.5,0.325
1710,Paper,Paper,Rock,-0.5,0.325
1711,Rock,Rock,Rock,0.0,0.324
1712,Rock,Rock,Rock,0.0,0.324
1713,Rock,Rock,Rock,0.0,0.324
1714,Rock,Rock,Rock,0.0,0.324
1715,Scissors,Scissors,Rock,1.0,0.324
1716,Scissors,Scissors,Rock,1.0,0.325
1717,Scissors,Scissors,Rock,1.0,0.325
1718,Scissors,Scissors,Rock,1.0,0.325
1719,Scissors,Scissors,Rock,1.0,0.326
1720,Scissors,Scissors,Rock,1.0,0.326
1721,Scissors,Scissors,Rock,1.0,0.327
1722,Paper,Paper,Rock,-0.5,0.326
1723,Scissors,Scissors,Paper,-0.5,0.326
1724,Scissors,Scissors,Rock,1.0,0.327
1725,Scissors,Scissors,Rock,1.0,0.327
1726,Rock,Rock,Rock,0.0,0.327
1727,Rock,Rock,Rock,0.0,0.327
1728,Scissors,Scissors,Rock,1.0,0.327
1729,Scissors,Scissors,Rock,1.0,0.327
1730,Rock,Rock,Rock,0.0,0.327
1731,Paper,Paper,Rock,-0.5,0.327
1732,Scissors,Scissors,Rock,1.0,0.327
1733,Rock,Rock,Rock,0.0,0.327
1734,Rock,Rock,Paper,1.0,0.328
1735,Rock,Rock,Rock,0.0,0.327
1736,Paper,Paper,Rock,-0.5,0.327
1737,Paper,Paper,Rock,-0.5,0.327
1738,Paper,Paper,Rock,-0.5,0.327
1739,Rock,Rock,Rock,0.0,0.327
1740,Scissors,Scissors,Paper,-0.5,0.326
1741,Paper,Paper,Rock,-0.5,0.326
1742,Rock,Rock,Rock,0.0,0.326
1743,Rock,Rock,Paper,1.0,0.326
1744,Rock,Rock,Paper,1.0,0.327
1745,Paper,Paper,Paper,0.0,0.327
1746,Paper,Paper,Rock,-0.5,0.326
1747,Paper,Paper,Rock,-0.5,0.326
1748,Rock,Rock,Rock,0.0,0.326
1749,Rock,Rock,Paper,1.0,0.326
1750,Scissors,Scissors,Paper,-0.5,0.326
1751,Paper,Paper,Rock,-0.5,0.326
1752,Scissors,Scissors,Rock,1.0,0.326
1753,Paper,Paper,Rock,-0.5,0.326
1754,Rock,Rock,Rock,0.0,0.326
1755,Paper,Paper,Paper,0.0,0.326
1756,Scissors,Scissors,Rock,1.0,0.326
1757,Scissors,Scissors,Rock,1.0,0.327
1758,Paper,Paper,Rock,-0.5,0.327
1759,Paper,Paper,Rock,-0.5,0.326
1760,Rock,Rock,Rock,0.0,0.326
1761,Paper,Paper,Paper,0.0,0.326
1762,Rock,Rock,Rock,0.0,0.326
1763,Paper,Paper,Paper,0.0,0.326
1764,Scissors,Scissors,Rock,1.0,0.326
1765,Paper,Paper,Rock,-0.5,0.326
1766,Rock,Rock,Rock,0.0,0.326
1767,Paper,Paper,Paper,0.0,0.325
1768,Scissors,Scissors,Rock,1.0,0.326
1769,Rock,Rock,Rock,0.0,0.326
1770,Scissors,Scissors,Paper,-0.5,0.325
1771,Scissors,Scissors,Rock,1.0,0.326
1772,Paper,Paper,Rock,-0.5,0.326
1773,Rock,Rock,Rock,0.0,0.325
1774,Scissors,Scissors,Paper,-0.5,0.325
1775,Paper,Paper,Rock,-0.5,0.325
1776,Scissors,Scissors,Rock,1.0,0.325
1777,Rock,Rock,Rock,0.0,0.325
1778,Rock,Rock,Paper,1.0,0.326
1779,Paper,Paper,Paper,0.0,0.325
1780,Paper,Paper,Rock,-0.5,0.325
1781,Rock,Rock,Rock,0.0,0.325
1782,Rock,Rock,Paper,1.0,0.325
1783,Paper,Paper,Paper,0.0,0.325
1784,Scissors,Scissors,Rock,1.0,0.326
1785,Scissors,Scissors,Rock,1.0,0.326
1786,Paper,Paper,Rock,-0.5,0.326
1787,Paper,Paper,Rock,-0.5,0.326
1788,Scissors,Scissors,Rock,1.0,0.326
1789,Rock,Rock,Rock,0.0,0.326
1790,Rock,Rock,Paper,1.0,0.326
1791,Paper,Paper,Paper,0.0,0.326
1792,Scissors,Scissors,Rock,1.0,0.326
1793,Scissors,Scissors,Rock,1.0,0.327
1794,Scissors,Scissors,Rock,1.0,0.327
1795,Rock,Rock,Rock,0.0,0.327
1796,Paper,Paper,Paper,0.0,0.327
1797,Rock,Rock,Rock,0.0,0.327
1798,Rock,Rock,Paper,1.0,0.327
1799,Paper,Paper,Paper,0.0,0.327
1800,Scissors,Scissors,Rock,1.0,0.327
1801,Paper,Paper,Rock,-0.5,0.327
1802,Paper,Paper,Rock,-0.5,0.327
1803,Scissors,Scissors,Rock,1.0,0.327
1804,Scissors,Scissors,Rock,1.0,0.328
1805,Scissors,Scissors,Rock,1.0,0.328
1806,Scissors,Scissors,Rock,1.0,0.328
1807,Rock,Rock,Rock,0.0,0.328
1808,Paper,Paper,Paper,0.0,0.328
1809,Rock,Rock,Rock,0.0,0.328
1810,Scissors,Scissors,Paper,-0.5,0.328
1811,Paper,Paper,Rock,-0.5,0.327
1812,Paper,Paper,Rock,-0.5,0.327
1813,Paper,Paper,Rock,-0.5,0.327
1814,Scissors,Scissors,Rock,1.0,0.327
1815,Paper,Paper,Rock,-0.5,0.327
1816,Rock,Rock,Rock,0.0,0.327
1817,Rock,Rock,Paper,1.0,0.327
1818,Scissors,Scissors,Paper,-0.5,0.327
1819,Paper,Paper,Rock,-0.5,0.327
1820,Paper,Paper,Rock,-0.5,0.327
1821,Scissors,Scissors,Rock,1.0,0.327
1822,Rock,Rock,Rock,0.0,0.327
1823,Paper,Paper,Rock,-0.5,0.327
1824,Rock,Rock,Rock,0.0,0.327
1825,Rock,Rock,Paper,1.0,0.327
1826,Paper,Paper,Paper,0.0,0.327
1827,Rock,Rock,Rock,0.0,0.327
1828,Rock,Rock,Paper,1.0,0.327
1829,Paper,Paper,Paper,0.0,0.327
1830,Paper,Paper,Rock,-0.5,0.327
1831,Scissors,Scissors,Rock,1.0,0.327
1832,Paper,Paper,Rock,-0.5,0.327
1833,Rock,Rock,Rock,0.0,0.327
1834,Paper,Paper,Paper,0.0,0.327
1835,Rock,Rock,Rock,0.0,0.326
1836,Rock,Rock,Paper,1.0,0.327
1837,Rock,Rock,Paper,1.0,0.327
1838,Rock,Rock,Paper,1.0,0.328
1839,Paper,Paper,Paper,0.0,0.327
1840,Paper,Paper,Rock,-0.5,0.327
1841,Paper,Paper,Rock,-0.5,0.327
1842,Paper,Paper,Rock,-0.5,0.327
1843,Scissors,Scissors,Rock,1.0,0.327
1844,Paper,Paper,Rock,-0.5,0.327
1845,Scissors,Scissors,Rock,1.0,0.327
1846,Rock,Rock,Rock,0.0,0.327
1847,Rock,Rock,Paper,1.0,0.328
1848,Paper,Paper,Paper,0.0,0.327
1849,Scissors,Scissors,Rock,1.0,0.328
1850,Rock,Rock,Rock,0.0,0.328
1851,Scissors,Scissors,Paper,-0.5,0.327
1852,Paper,Paper,Rock,-0.5,0.327
1853,Scissors,Scissors,Rock,1.0,0.328
1854,Paper,Paper,Rock,-0.5,0.327
1855,Paper,Paper,Rock,-0.5,0.327
1856,Paper,Paper,Rock,-0.5,0.327
1857,Paper,Paper,Paper,0.0,0.327
1858,Scissors,Scissors,Rock,1.0,0.327
1859,Rock,Rock,Paper,1.0,0.328
1860,Rock,Rock,Paper,1.0,0.328
1861,Rock,Rock,Paper,1.0,0.328
1862,Paper,Paper,Paper,0.0,0.328
1863,Scissors,Scissors,Rock,1.0,0.329
1864,Paper,Paper,Paper,0.0,0.328
1865,Rock,Rock,Rock,0.0,0.328
1866,Scissors,Scissors,Paper,-0.5,0.328
1867,Scissors,Scissors,Paper,-0.5,0.328
1868,Rock,Rock,Paper,1.0,0.328
1869,Rock,Rock,Paper,1.0,0.329
1870,Rock,Rock,Paper,1.0,0.329
1871,Paper,Paper,Paper,0.0,0.329
1872,Rock,Rock,Rock,0.0,0.329
1873,Paper,Paper,Paper,0.0,0.328
1874,Scissors,Scissors,Rock,1.0,0.329
1875,Paper,Paper,Paper,0.0,0.329
1876,Rock,Rock,Rock,0.0,0.328
1877,Paper,Paper,Paper,0.0,0.328
1878,Paper,Paper,Rock,-0.5,0.328
1879,Paper,Paper,Rock,-0.5,0.328
1880,Scissors,Scissors,Rock,1.0,0.328
1881,Rock,Rock,Paper,1.0,0.329
1882,Paper,Paper,Paper,0.0,0.328
1883,Paper,Paper,Rock,-0.5,0.328
1884,Scissors,Scissors,Rock,1.0,0.329
1885,Scissors,Scissors,Paper,-0.5,0.328
1886,Rock,Rock,Paper,1.0,0.329
1887,Rock,Rock,Paper,1.0,0.329
1888,Paper,Paper,Paper,0.0,0.329
1889,Paper,Paper,Rock,-0.5,0.329
1890,Scissors,Scissors,Rock,1.0,0.329
1891,Paper,Paper,Paper,0.0,0.329
1892,Paper,Paper,Paper,0.0,0.329
1893,Scissors,Scissors,Rock,1.0,0.329
1894,Paper,Paper,Paper,0.0,0.329
1895,Paper,Paper,Rock,-0.5,0.329
1896,Paper,Paper,Rock,-0.5,0.329
1897,Paper,Paper,Paper,0.0,0.328
1898,Paper,Paper,Rock,-0.5,0.328
1899,Scissors,Scissors,Rock,1.0,0.329
1900,Rock,Rock,Paper,1.0,0.329
1901,Paper,Paper,Paper,0.0,0.329
1902,Rock,Rock,Paper,1.0,0.329
1903,Paper,Paper,Paper,0.0,0.329
1904,Paper,Paper,Paper,0.0,0.329
1905,Rock,Rock,Rock,0.0,0.329
1906,Paper,Paper,Paper,0.0,0.328
1907,Rock,Rock,Paper,1.0,0.329
1908,Paper,Paper,Paper,0.0,0.329
1909,Paper,Paper,Paper,0.0,0.328
1910,Rock,Rock,Paper,1.0,0.329
1911,Scissors,Scissors,Paper,-0.5,0.329
1912,Rock,Rock,Paper,1.0,0.329
1913,Paper,Paper,Paper,0.0,0.329
1914,Paper,Paper,Paper,0.0,0.329
1915,Scissors,Scissors,Paper,-0.5,0.328
1916,Paper,Paper,Paper,0.0,0.328
1917,Rock,Rock,Paper,1.0,0.329
1918,Paper,Paper,Paper,0.0,0.328
1919,Paper,Paper,Paper,0.0,0.328
1920,Paper,Paper,Paper,0.0,0.328
1921,Paper,Paper,Paper,0.0,0.328
1922,Paper,Paper,Paper,0.0,0.328
1923,Rock,Rock,Paper,1.0,0.328
1924,Paper,Paper,Paper,0.0,0.328
1925,Scissors,Scissors,Paper,-0.5,0.328
1926,Rock,Rock,Paper,1.0,0.328
1927,Rock,Rock,Paper,1.0,0.328
1928,Paper,Paper,Paper,0.0,0.328
1929,Paper,Paper,Rock,-0.5,0.328
1930,Paper,Paper,Paper,0.0,0.328
1931,Scissors,Scissors,Paper,-0.5,0.328
1932,Scissors,Scissors,Paper,-0.5,0.328
1933,Scissors,Scissors,Paper,-0.5,0.327
1934,Rock,Rock,Paper,1.0,0.328
1935,Paper,Paper,Paper,0.0,0.328
1936,Scissors,Scissors,Paper,-0.5,0.327
1937,Rock,Rock,Paper,1.0,0.328
1938,Paper,Paper,Paper,0.0,0.328
1939,Scissors,Scissors,Paper,-0.5,0.327
1940,Paper,Paper,Paper,0.0,0.327
1941,Paper,Paper,Paper,0.0,0.327
1942,Paper,Paper,Paper,0.0,0.327
1943,Scissors,Scissors,Rock,1.0,0.327
1944,Scissors,Scissors,Paper,-0.5,0.327
1945,Rock,Rock,Paper,1.0,0.328
1946,Scissors,Scissors,Paper,-0.5,0.327
1947,Rock,Rock,Paper,1.0,0.328
1948,Scissors,Scissors,Paper,-0.5,0.328
1949,Rock,Rock,Paper,1.0,0.328
1950,Paper,Paper,Paper,0.0,0.328
1951,Rock,Rock,Paper,1.0,0.328
1952,Scissors,Scissors,Paper,-0.5,0.328
1953,Paper,Paper,Paper,0.0,0.328
1954,Rock,Rock,Rock,0.0,0.328
1955,Scissors,Scissors,Rock,1.0,0.328
1956,Rock,Rock,Paper,1.0,0.328
1957,Scissors,Scissors,Rock,1.0,0.329
1958,Scissors,Scissors,Paper,-0.5,0.328
1959,Rock,Rock,Paper,1.0,0.329
1960,Scissors,Scissors,Paper,-0.5,0.329
1961,Scissors,Scissors,Paper,-0.5,0.328
1962,Paper,Paper,Paper,0.0,0.328
1963,Rock,Rock,Rock,0.0,0.328
1964,Scissors,Scissors,Rock,1.0,0.328
1965,Rock,Rock,Paper,1.0,0.329
1966,Rock,Rock,Rock,0.0,0.329
1967,Rock,Rock,Rock,0.0,0.328
1968,Scissors,Scissors,Rock,1.0,0.329
1969,Scissors,Scissors,Paper,-0.5,0.329
1970,Paper,Paper,Paper,0.0,0.328
1971,Paper,Paper,Paper,0.0,0.328
1972,Paper,Paper,Rock,-0.5,0.328
1973,Paper,Paper,Rock,-0.5,0.328
1974,Rock,Rock,Rock,0.0,0.328
1975,Scissors,Scissors,Rock,1.0,0.328
1976,Scissors,Scissors,Paper,-0.5,0.328
1977,Paper,Paper,Paper,0.0,0.328
1978,Rock,Rock,Paper,1.0,0.328
1979,Scissors,Scissors,Rock,1.0,0.328
1980,Rock,Rock,Paper,1.0,0.329
1981,Rock,Rock,Paper,1.0,0.329
1982,Paper,Paper,Rock,-0.5,0.329
1983,Rock,Rock,Paper,1.0,0.329
1984,Scissors,Scissors,Rock,1.0,0.330
1985,Scissors,Scissors,Paper,-0.5,0.329
1986,Paper,Paper,Paper,0.0,0.329
1987,Rock,Rock,Rock,0.0,0.329
1988,Paper,Paper,Rock,-0.5,0.329
1989,Rock,Rock,Paper,1.0,0.329
1990,Paper,Paper,Rock,-0.5,0.329
1991,Paper,Paper,Paper,0.0,0.329
1992,Rock,Rock,Paper,1.0,0.329
1993,Rock,Rock,Rock,0.0,0.329
1994,Scissors,Scissors,Rock,1.0,0.329
1995,Paper,Paper,Paper,0.0,0.329
1996,Rock,Rock,Paper,1.0,0.330
1997,Scissors,Scissors,Rock,1.0,0.330
1998,Rock,Rock,Paper,1.0,0.330
1999,Scissors,Scissors,Rock,1.0,0.331
2000,Paper,Paper,Paper,0.0,0.331
